-- phpMyAdmin SQL Dump
-- version 4.9.1
-- https://www.phpmyadmin.net/
--
-- Host: 127.0.0.1
-- Generation Time: Mar 13, 2020 at 07:16 AM
-- Server version: 10.4.8-MariaDB
-- PHP Version: 7.3.11

SET SQL_MODE = "NO_AUTO_VALUE_ON_ZERO";
SET AUTOCOMMIT = 0;
START TRANSACTION;
SET time_zone = "+00:00";


/*!40101 SET @OLD_CHARACTER_SET_CLIENT=@@CHARACTER_SET_CLIENT */;
/*!40101 SET @OLD_CHARACTER_SET_RESULTS=@@CHARACTER_SET_RESULTS */;
/*!40101 SET @OLD_COLLATION_CONNECTION=@@COLLATION_CONNECTION */;
/*!40101 SET NAMES utf8mb4 */;

--
-- Database: `coba_ci`
--

-- --------------------------------------------------------

--
-- Table structure for table `deffect`
--

CREATE TABLE `deffect` (
  `id_deffect` int(11) NOT NULL,
  `nama_deffect` varchar(50) NOT NULL
) ENGINE=InnoDB DEFAULT CHARSET=utf8mb4;

--
-- Dumping data for table `deffect`
--

INSERT INTO `deffect` (`id_deffect`, `nama_deffect`) VALUES
(1, 'Hubutsu'),
(2, 'Tsukenetsu'),
(3, 'Yumawari'),
(4, 'Tumor/Fukurami'),
(5, 'Layer'),
(6, 'Cacat Handling'),
(7, 'Pin Dalam'),
(8, 'Lain lain'),
(9, 'Trial'),
(10, 'X Ray');

-- --------------------------------------------------------

--
-- Table structure for table `deffect_m`
--

CREATE TABLE `deffect_m` (
  `id_deffect_m` int(11) NOT NULL,
  `deffect` varchar(128) NOT NULL
) ENGINE=InnoDB DEFAULT CHARSET=utf8mb4;

--
-- Dumping data for table `deffect_m`
--

INSERT INTO `deffect_m` (`id_deffect_m`, `deffect`) VALUES
(1, 'Tsukenetsu'),
(2, 'pin_dalam'),
(3, 'tumor_atau_fukurami'),
(4, 'hubutsu'),
(5, 'keropos_rim'),
(6, 'keropos_spoke'),
(7, 'keropos_nut_seat'),
(8, 'keropos_flatness'),
(9, 'bocor'),
(10, 'inching_atau_deformasi'),
(11, 'kurokawa_casting'),
(12, 'cekung'),
(13, 'cembung'),
(14, 'no_marking'),
(15, 'bolong'),
(16, 'gompal'),
(17, 'side_block'),
(18, 'keropos_vd'),
(19, 'lain_lain_karena_casting'),
(20, 'dimensi_tidak_standart'),
(21, 'step_md'),
(22, 'vd_miring'),
(23, 'setting'),
(24, 'dia_hub_ng'),
(25, 'dent'),
(26, 'lain_lain_karena_machining'),
(27, 'oke');

-- --------------------------------------------------------

--
-- Table structure for table `hasil`
--

CREATE TABLE `hasil` (
  `id_hasil` int(11) NOT NULL,
  `hasil_id_shift` int(11) NOT NULL,
  `tanggal` date NOT NULL,
  `hasil_id_lini` int(11) NOT NULL,
  `hasil_id_mesin` int(11) NOT NULL,
  `hasil_id_type` int(11) NOT NULL,
  `mold` int(11) NOT NULL,
  `id_jenis` int(11) NOT NULL,
  `id_deffect` int(11) NOT NULL,
  `qty` int(255) NOT NULL
) ENGINE=InnoDB DEFAULT CHARSET=utf8mb4;

--
-- Dumping data for table `hasil`
--

INSERT INTO `hasil` (`id_hasil`, `hasil_id_shift`, `tanggal`, `hasil_id_lini`, `hasil_id_mesin`, `hasil_id_type`, `mold`, `id_jenis`, `id_deffect`, `qty`) VALUES
(788, 1, '2020-02-11', 1, 1, 35, 6, 2, 2, 1),
(789, 1, '2020-02-11', 1, 1, 35, 6, 2, 9, 2),
(790, 1, '2020-02-11', 1, 1, 35, 12, 1, 0, 57),
(791, 1, '2020-02-11', 1, 1, 35, 12, 2, 1, 1),
(792, 1, '2020-02-11', 1, 1, 35, 12, 2, 8, 1),
(793, 1, '2020-02-11', 1, 1, 35, 12, 2, 9, 2),
(794, 1, '2020-02-11', 1, 2, 18, 2, 1, 0, 54),
(795, 1, '2020-02-11', 1, 2, 18, 2, 2, 1, 1),
(796, 1, '2020-02-11', 1, 2, 18, 2, 2, 9, 1),
(797, 1, '2020-02-11', 1, 3, 40, 4, 1, 0, 58),
(798, 1, '2020-02-11', 1, 3, 40, 4, 2, 9, 1),
(799, 1, '2020-02-11', 1, 4, 16, 5, 1, 0, 64),
(800, 1, '2020-02-11', 1, 4, 16, 5, 2, 9, 2),
(801, 1, '2020-02-11', 1, 5, 40, 2, 1, 0, 11),
(802, 1, '2020-02-11', 1, 5, 40, 2, 2, 8, 1),
(803, 1, '2020-02-11', 1, 5, 40, 3, 1, 0, 51),
(804, 1, '2020-02-11', 1, 5, 40, 3, 2, 1, 1),
(805, 1, '2020-02-11', 1, 5, 40, 3, 2, 9, 1),
(806, 1, '2020-02-11', 1, 6, 37, 6, 1, 0, 56),
(807, 1, '2020-02-11', 1, 7, 1, 4, 1, 0, 56),
(808, 1, '2020-02-11', 1, 7, 1, 4, 2, 9, 1),
(809, 1, '2020-02-11', 1, 8, 33, 2, 1, 0, 80),
(810, 1, '2020-02-11', 1, 9, 35, 4, 1, 0, 62),
(811, 1, '2020-02-11', 1, 10, 1, 5, 1, 0, 62),
(812, 1, '2020-02-11', 1, 11, 1, 3, 1, 0, 60),
(813, 1, '2020-02-11', 1, 11, 1, 3, 2, 9, 1),
(814, 1, '2020-02-11', 1, 12, 16, 6, 1, 0, 62),
(815, 1, '2020-02-11', 1, 12, 16, 6, 2, 9, 5),
(816, 1, '2020-02-11', 1, 13, 16, 3, 1, 0, 33),
(817, 1, '2020-02-11', 1, 13, 16, 3, 2, 1, 1),
(818, 1, '2020-02-11', 1, 13, 16, 4, 1, 0, 27),
(819, 1, '2020-02-11', 1, 13, 16, 4, 2, 9, 1),
(820, 1, '2020-02-11', 1, 14, 1, 1, 1, 0, 63),
(821, 1, '2020-02-11', 1, 14, 1, 1, 2, 9, 1),
(822, 1, '2020-02-11', 1, 15, 34, 6, 1, 0, 74),
(823, 1, '2020-02-11', 1, 15, 34, 6, 2, 9, 2),
(824, 1, '2020-02-11', 1, 16, 18, 8, 1, 0, 49),
(825, 1, '2020-02-11', 1, 17, 27, 4, 1, 0, 68),
(826, 1, '2020-02-11', 1, 18, 1, 2, 1, 0, 57),
(827, 1, '2020-02-11', 1, 18, 1, 2, 2, 2, 1),
(828, 1, '2020-02-11', 1, 18, 1, 2, 2, 3, 2),
(829, 1, '2020-02-11', 1, 18, 1, 2, 2, 9, 1),
(830, 1, '2020-02-11', 1, 19, 35, 10, 1, 0, 66),
(831, 1, '2020-02-11', 1, 19, 35, 10, 2, 9, 1),
(832, 1, '2020-02-11', 1, 20, 35, 5, 1, 0, 5),
(833, 1, '2020-02-11', 1, 20, 35, 3, 1, 0, 52),
(834, 1, '2020-02-11', 1, 20, 35, 3, 2, 1, 1),
(835, 1, '2020-02-11', 1, 20, 35, 3, 2, 9, 3),
(836, 1, '2020-02-11', 1, 21, 35, 1, 1, 0, 69),
(837, 1, '2020-02-11', 1, 21, 35, 1, 2, 9, 1),
(838, 1, '2020-02-11', 1, 22, 35, 7, 1, 0, 62),
(839, 1, '2020-02-11', 1, 22, 35, 7, 2, 9, 2),
(840, 1, '2020-02-11', 1, 23, 35, 11, 1, 0, 67),
(841, 1, '2020-02-11', 1, 23, 35, 11, 2, 9, 3),
(842, 1, '2020-02-11', 1, 24, 13, 2, 1, 0, 55),
(843, 1, '2020-02-11', 1, 25, 16, 1, 1, 0, 52),
(844, 1, '2020-02-11', 1, 25, 16, 1, 2, 9, 2),
(845, 1, '2020-02-11', 1, 26, 1, 6, 1, 0, 24),
(846, 1, '2020-02-11', 1, 26, 1, 6, 2, 1, 5),
(847, 1, '2020-02-11', 1, 26, 1, 6, 2, 9, 5),
(848, 1, '2020-02-11', 1, 27, 22, 1, 1, 0, 35),
(849, 1, '2020-02-11', 1, 27, 22, 1, 2, 1, 1),
(850, 1, '2020-02-11', 1, 27, 22, 1, 2, 9, 3),
(851, 1, '2020-02-11', 1, 28, 40, 1, 1, 0, 50),
(852, 1, '2020-02-11', 1, 29, 16, 7, 1, 0, 56),
(853, 1, '2020-02-11', 1, 30, 22, 3, 1, 0, 52),
(854, 1, '2020-02-11', 1, 30, 22, 3, 2, 9, 1),
(855, 1, '2020-02-11', 1, 31, 13, 1, 1, 0, 12),
(856, 1, '2020-02-11', 1, 31, 13, 6, 1, 0, 43),
(857, 1, '2020-02-11', 1, 31, 13, 6, 2, 9, 2),
(858, 1, '2020-02-11', 1, 33, 25, 1, 1, 0, 86),
(859, 1, '2020-02-11', 1, 33, 25, 1, 2, 9, 1),
(860, 1, '2020-02-11', 1, 34, 29, 10, 1, 0, 84),
(861, 1, '2020-02-11', 1, 34, 29, 10, 2, 9, 1),
(862, 1, '2020-02-11', 1, 35, 29, 2, 1, 0, 49),
(863, 1, '2020-02-11', 1, 35, 29, 2, 2, 8, 2),
(864, 1, '2020-02-11', 1, 35, 35, 13, 1, 0, 4),
(865, 1, '2020-02-11', 1, 35, 35, 13, 2, 2, 1),
(866, 1, '2020-02-11', 1, 35, 35, 13, 2, 9, 3),
(867, 1, '2020-02-11', 1, 36, 29, 3, 1, 0, 53),
(868, 1, '2020-02-11', 1, 36, 29, 3, 2, 9, 3),
(869, 1, '2020-02-11', 1, 37, 29, 1, 1, 0, 71),
(870, 1, '2020-02-11', 1, 37, 29, 1, 2, 9, 1),
(871, 1, '2020-02-11', 1, 38, 25, 3, 1, 0, 83),
(872, 1, '2020-02-11', 1, 38, 25, 3, 2, 9, 1),
(873, 2, '2020-02-11', 1, 1, 35, 12, 1, 0, 68),
(874, 2, '2020-02-11', 1, 1, 35, 12, 2, 3, 4),
(875, 2, '2020-02-11', 1, 1, 35, 12, 2, 9, 5),
(876, 2, '2020-02-11', 1, 2, 18, 2, 1, 0, 63),
(877, 2, '2020-02-11', 1, 2, 18, 2, 2, 2, 1),
(878, 2, '2020-02-11', 1, 2, 18, 2, 2, 9, 2),
(879, 2, '2020-02-11', 1, 3, 36, 4, 1, 0, 65),
(880, 2, '2020-02-11', 1, 3, 36, 4, 2, 1, 1),
(881, 2, '2020-02-11', 1, 3, 36, 4, 2, 9, 2),
(882, 2, '2020-02-11', 1, 4, 16, 5, 1, 0, 74),
(883, 2, '2020-02-11', 1, 4, 16, 5, 2, 9, 2),
(884, 2, '2020-02-11', 1, 5, 40, 3, 1, 0, 73),
(885, 2, '2020-02-11', 1, 5, 40, 3, 2, 1, 1),
(886, 2, '2020-02-11', 1, 5, 40, 3, 2, 9, 1),
(887, 2, '2020-02-11', 1, 6, 37, 6, 1, 0, 23),
(888, 2, '2020-02-11', 1, 6, 18, 10, 1, 0, 35),
(889, 2, '2020-02-11', 1, 6, 18, 10, 2, 1, 1),
(890, 2, '2020-02-11', 1, 6, 18, 10, 2, 9, 2),
(891, 2, '2020-02-11', 1, 7, 1, 4, 1, 0, 50),
(892, 2, '2020-02-11', 1, 7, 1, 4, 2, 9, 2),
(893, 2, '2020-02-11', 1, 8, 33, 2, 1, 0, 91),
(894, 2, '2020-02-11', 1, 8, 33, 2, 2, 9, 1),
(895, 2, '2020-02-11', 1, 9, 35, 4, 1, 0, 27),
(896, 2, '2020-02-11', 1, 9, 25, 4, 1, 0, 36),
(897, 2, '2020-02-11', 1, 9, 25, 4, 2, 6, 1),
(898, 2, '2020-02-11', 1, 9, 25, 4, 2, 9, 2),
(899, 2, '2020-02-11', 1, 10, 1, 5, 1, 0, 66),
(900, 2, '2020-02-11', 1, 10, 1, 5, 2, 9, 3),
(901, 2, '2020-02-11', 1, 11, 1, 3, 1, 0, 64),
(902, 2, '2020-02-11', 1, 11, 1, 3, 2, 9, 2),
(903, 2, '2020-02-11', 1, 12, 16, 6, 1, 0, 71),
(904, 2, '2020-02-11', 1, 12, 16, 6, 2, 9, 3),
(905, 2, '2020-02-11', 1, 13, 16, 4, 1, 0, 63),
(906, 2, '2020-02-11', 1, 13, 16, 4, 2, 1, 1),
(907, 2, '2020-02-11', 1, 13, 16, 4, 2, 9, 3),
(908, 2, '2020-02-11', 1, 14, 1, 1, 1, 0, 11),
(909, 2, '2020-02-11', 1, 14, 1, 8, 1, 0, 53),
(910, 2, '2020-02-11', 1, 14, 1, 8, 2, 6, 1),
(911, 2, '2020-02-11', 1, 14, 1, 8, 2, 9, 3),
(912, 2, '2020-02-11', 1, 15, 34, 6, 1, 0, 79),
(913, 2, '2020-02-11', 1, 15, 34, 6, 2, 9, 3),
(914, 2, '2020-02-11', 1, 16, 18, 8, 1, 0, 52),
(915, 2, '2020-02-11', 1, 16, 18, 8, 2, 9, 1),
(916, 2, '2020-02-11', 1, 17, 27, 4, 1, 0, 65),
(917, 2, '2020-02-11', 1, 17, 27, 4, 2, 1, 1),
(918, 2, '2020-02-11', 1, 17, 27, 4, 2, 9, 3),
(919, 2, '2020-02-11', 1, 18, 1, 2, 1, 0, 64),
(920, 2, '2020-02-11', 1, 18, 1, 2, 2, 9, 2),
(921, 2, '2020-02-11', 1, 19, 35, 10, 1, 0, 68),
(922, 2, '2020-02-11', 1, 19, 35, 10, 2, 9, 3),
(923, 2, '2020-02-11', 1, 20, 35, 3, 1, 0, 73),
(924, 2, '2020-02-11', 1, 20, 35, 3, 2, 9, 2),
(925, 2, '2020-02-11', 1, 21, 35, 1, 1, 0, 71),
(926, 2, '2020-02-11', 1, 21, 35, 1, 2, 9, 3),
(927, 2, '2020-02-11', 1, 22, 35, 7, 1, 0, 3),
(928, 2, '2020-02-11', 1, 23, 35, 11, 1, 0, 14),
(929, 2, '2020-02-11', 1, 23, 35, 11, 2, 1, 1),
(930, 2, '2020-02-11', 1, 23, 35, 11, 2, 9, 1),
(931, 2, '2020-02-11', 1, 23, 35, 5, 1, 0, 53),
(932, 2, '2020-02-11', 1, 23, 35, 5, 2, 9, 3),
(933, 2, '2020-02-11', 1, 24, 13, 2, 1, 0, 56),
(934, 2, '2020-02-11', 1, 24, 13, 2, 2, 3, 1),
(935, 2, '2020-02-11', 1, 24, 13, 2, 2, 9, 1),
(936, 2, '2020-02-11', 1, 25, 1, 1, 1, 0, 6),
(937, 2, '2020-02-11', 1, 25, 1, 1, 2, 9, 1),
(938, 2, '2020-02-11', 1, 26, 1, 6, 1, 0, 48),
(939, 2, '2020-02-11', 1, 26, 1, 6, 2, 1, 2),
(940, 2, '2020-02-11', 1, 26, 1, 6, 2, 9, 6),
(941, 2, '2020-02-11', 1, 27, 22, 1, 1, 0, 54),
(942, 2, '2020-02-11', 1, 27, 22, 1, 2, 1, 1),
(943, 2, '2020-02-11', 1, 27, 22, 1, 2, 9, 4),
(944, 2, '2020-02-11', 1, 28, 40, 1, 1, 0, 10),
(945, 2, '2020-02-11', 1, 28, 40, 1, 2, 9, 1),
(946, 2, '2020-02-11', 1, 28, 34, 9, 1, 0, 57),
(947, 2, '2020-02-11', 1, 28, 34, 9, 2, 9, 1),
(948, 2, '2020-02-11', 1, 29, 16, 7, 1, 0, 45),
(949, 2, '2020-02-11', 1, 29, 16, 7, 2, 1, 2),
(950, 2, '2020-02-11', 1, 29, 16, 7, 2, 9, 3),
(951, 2, '2020-02-11', 1, 30, 22, 3, 1, 0, 36),
(952, 2, '2020-02-11', 1, 30, 22, 3, 2, 2, 3),
(953, 2, '2020-02-11', 1, 30, 22, 3, 2, 6, 1),
(954, 2, '2020-02-11', 1, 30, 22, 3, 2, 9, 5),
(955, 2, '2020-02-11', 1, 31, 13, 6, 1, 0, 66),
(956, 2, '2020-02-11', 1, 31, 13, 6, 2, 9, 4),
(957, 2, '2020-02-11', 1, 33, 25, 1, 1, 0, 86),
(958, 2, '2020-02-11', 1, 33, 25, 1, 2, 2, 1),
(959, 2, '2020-02-11', 1, 33, 25, 1, 2, 9, 1),
(960, 2, '2020-02-11', 1, 34, 29, 10, 1, 0, 85),
(961, 2, '2020-02-11', 1, 34, 29, 10, 2, 1, 1),
(962, 2, '2020-02-11', 1, 34, 29, 10, 2, 9, 1),
(963, 2, '2020-02-11', 1, 35, 35, 13, 1, 0, 65),
(964, 2, '2020-02-11', 1, 35, 35, 13, 2, 1, 3),
(965, 2, '2020-02-11', 1, 35, 35, 13, 2, 8, 2),
(966, 2, '2020-02-11', 1, 35, 35, 13, 2, 9, 3),
(967, 2, '2020-02-11', 1, 36, 29, 3, 1, 0, 69),
(968, 2, '2020-02-11', 1, 36, 29, 3, 2, 8, 1),
(969, 2, '2020-02-11', 1, 36, 29, 3, 2, 9, 3),
(970, 2, '2020-02-11', 1, 37, 29, 1, 1, 0, 78),
(971, 2, '2020-02-11', 1, 37, 29, 1, 2, 9, 2),
(972, 2, '2020-02-11', 1, 38, 25, 3, 1, 0, 90),
(973, 2, '2020-02-11', 1, 38, 25, 3, 2, 2, 1),
(974, 2, '2020-02-11', 1, 38, 25, 3, 2, 9, 1),
(975, 3, '2020-02-11', 1, 1, 35, 6, 1, 0, 62),
(976, 3, '2020-02-11', 1, 1, 35, 6, 2, 9, 4),
(977, 3, '2020-02-11', 1, 2, 18, 2, 1, 0, 52),
(978, 3, '2020-02-11', 1, 2, 18, 2, 2, 9, 1),
(979, 3, '2020-02-11', 1, 3, 36, 4, 1, 0, 51),
(980, 3, '2020-02-11', 1, 3, 36, 4, 2, 9, 2),
(981, 3, '2020-02-11', 1, 4, 16, 5, 1, 0, 63),
(982, 3, '2020-02-11', 1, 4, 16, 5, 2, 9, 3),
(983, 3, '2020-02-11', 1, 5, 40, 3, 1, 0, 60),
(984, 3, '2020-02-11', 1, 5, 40, 3, 2, 9, 2),
(985, 3, '2020-02-11', 1, 6, 18, 10, 1, 0, 49),
(986, 3, '2020-02-11', 1, 6, 18, 10, 2, 9, 2),
(987, 3, '2020-02-11', 1, 7, 1, 4, 1, 0, 55),
(988, 3, '2020-02-11', 1, 7, 1, 4, 2, 9, 2),
(989, 3, '2020-02-11', 1, 8, 33, 2, 1, 0, 81),
(990, 3, '2020-02-11', 1, 8, 33, 2, 2, 9, 1),
(991, 3, '2020-02-11', 1, 9, 25, 4, 1, 0, 65),
(992, 3, '2020-02-11', 1, 9, 25, 4, 2, 1, 1),
(993, 3, '2020-02-11', 1, 10, 1, 5, 1, 0, 45),
(994, 3, '2020-02-11', 1, 10, 1, 5, 2, 9, 2),
(995, 3, '2020-02-11', 1, 11, 1, 3, 1, 0, 7),
(996, 3, '2020-02-11', 1, 11, 1, 7, 1, 0, 55),
(997, 3, '2020-02-11', 1, 11, 1, 7, 2, 1, 1),
(998, 3, '2020-02-11', 1, 11, 1, 7, 2, 9, 1),
(999, 3, '2020-02-11', 1, 13, 16, 4, 1, 0, 64),
(1000, 3, '2020-02-11', 1, 13, 16, 4, 2, 9, 1),
(1001, 3, '2020-02-11', 1, 14, 1, 8, 1, 0, 58),
(1002, 3, '2020-02-11', 1, 14, 1, 8, 2, 9, 1),
(1003, 3, '2020-02-11', 1, 15, 34, 6, 1, 0, 73),
(1004, 3, '2020-02-11', 1, 15, 34, 6, 2, 9, 1),
(1005, 3, '2020-02-11', 1, 16, 18, 8, 1, 0, 32),
(1006, 3, '2020-02-11', 1, 16, 18, 8, 2, 2, 4),
(1007, 3, '2020-02-11', 1, 16, 18, 8, 2, 9, 1),
(1008, 3, '2020-02-11', 1, 16, 18, 9, 1, 0, 6),
(1009, 3, '2020-02-11', 1, 16, 18, 9, 2, 9, 1),
(1010, 3, '2020-02-11', 1, 17, 27, 4, 1, 0, 63),
(1011, 3, '2020-02-11', 1, 17, 27, 4, 2, 2, 1),
(1012, 3, '2020-02-11', 1, 17, 27, 4, 2, 9, 1),
(1013, 3, '2020-02-11', 1, 18, 1, 2, 1, 0, 34),
(1014, 3, '2020-02-11', 1, 18, 1, 1, 1, 0, 25),
(1015, 3, '2020-02-11', 1, 18, 1, 1, 2, 9, 1),
(1016, 3, '2020-02-11', 1, 19, 35, 10, 1, 0, 67),
(1017, 3, '2020-02-11', 1, 19, 35, 10, 2, 1, 1),
(1018, 3, '2020-02-11', 1, 20, 35, 3, 1, 0, 71),
(1019, 3, '2020-02-11', 1, 20, 35, 3, 2, 9, 1),
(1020, 3, '2020-02-11', 1, 21, 35, 1, 1, 0, 37),
(1021, 3, '2020-02-11', 1, 21, 35, 11, 1, 0, 31),
(1022, 3, '2020-02-11', 1, 21, 35, 11, 2, 9, 1),
(1023, 3, '2020-02-11', 1, 22, 35, 7, 1, 0, 59),
(1024, 3, '2020-02-11', 1, 22, 35, 7, 2, 2, 2),
(1025, 3, '2020-02-11', 1, 22, 35, 7, 2, 5, 1),
(1026, 3, '2020-02-11', 1, 22, 35, 7, 2, 9, 2),
(1027, 3, '2020-02-11', 1, 23, 35, 5, 1, 0, 69),
(1028, 3, '2020-02-11', 1, 23, 35, 5, 2, 8, 1),
(1029, 3, '2020-02-11', 1, 23, 35, 5, 2, 9, 1),
(1030, 3, '2020-02-11', 1, 24, 13, 2, 1, 0, 39),
(1031, 3, '2020-02-11', 1, 24, 13, 1, 1, 0, 11),
(1032, 3, '2020-02-11', 1, 24, 13, 1, 2, 6, 1),
(1033, 3, '2020-02-11', 1, 24, 13, 1, 2, 9, 2),
(1034, 3, '2020-02-11', 1, 26, 1, 6, 1, 0, 50),
(1035, 3, '2020-02-11', 1, 26, 1, 6, 2, 9, 3),
(1036, 3, '2020-02-11', 1, 26, 1, 6, 1, 0, 50),
(1037, 3, '2020-02-11', 1, 26, 1, 6, 2, 9, 3),
(1038, 3, '2020-02-11', 1, 28, 34, 9, 1, 0, 66),
(1039, 3, '2020-02-11', 1, 28, 34, 9, 2, 9, 1),
(1040, 3, '2020-02-11', 1, 29, 16, 7, 1, 0, 62),
(1041, 3, '2020-02-11', 1, 29, 16, 7, 2, 9, 2),
(1042, 3, '2020-02-11', 1, 30, 22, 3, 1, 0, 51),
(1043, 3, '2020-02-11', 1, 30, 22, 3, 2, 9, 1),
(1044, 3, '2020-02-11', 1, 31, 13, 6, 1, 0, 61),
(1045, 3, '2020-02-11', 1, 33, 25, 1, 1, 0, 40),
(1046, 3, '2020-02-11', 1, 33, 29, 2, 1, 0, 40),
(1047, 3, '2020-02-11', 1, 33, 29, 2, 2, 9, 1),
(1048, 3, '2020-02-11', 1, 34, 29, 10, 1, 0, 81),
(1049, 3, '2020-02-11', 1, 34, 29, 10, 2, 9, 1),
(1050, 3, '2020-02-11', 1, 35, 35, 13, 1, 0, 63),
(1051, 3, '2020-02-11', 1, 35, 35, 13, 2, 9, 1),
(1052, 3, '2020-02-11', 1, 36, 29, 3, 1, 0, 70),
(1053, 3, '2020-02-11', 1, 36, 29, 3, 2, 1, 1),
(1054, 3, '2020-02-11', 1, 36, 29, 3, 2, 8, 1),
(1055, 3, '2020-02-11', 1, 36, 29, 3, 2, 9, 2),
(1056, 3, '2020-02-11', 1, 37, 29, 1, 1, 0, 63),
(1057, 3, '2020-02-11', 1, 37, 29, 1, 2, 3, 3),
(1058, 3, '2020-02-11', 1, 37, 29, 1, 2, 9, 3),
(1059, 3, '2020-02-11', 1, 38, 25, 3, 1, 0, 84),
(1060, 3, '2020-02-11', 1, 38, 25, 3, 2, 9, 1),
(1061, 1, '2020-02-12', 1, 1, 35, 6, 1, 0, 72),
(1062, 1, '2020-02-12', 1, 1, 35, 6, 2, 9, 1),
(1063, 1, '2020-02-12', 1, 2, 18, 2, 1, 0, 56),
(1064, 1, '2020-02-12', 1, 2, 18, 2, 2, 9, 2),
(1065, 1, '2020-02-12', 1, 3, 36, 4, 1, 0, 55),
(1066, 1, '2020-02-12', 1, 3, 36, 4, 2, 1, 2),
(1067, 1, '2020-02-12', 1, 3, 36, 4, 2, 9, 1),
(1068, 1, '2020-02-12', 1, 4, 16, 5, 1, 0, 15),
(1069, 1, '2020-02-12', 1, 4, 40, 2, 1, 0, 46),
(1070, 1, '2020-02-12', 1, 4, 40, 2, 2, 9, 1),
(1071, 1, '2020-02-12', 1, 5, 40, 3, 1, 0, 60),
(1072, 1, '2020-02-12', 1, 5, 40, 3, 2, 1, 1),
(1073, 1, '2020-02-12', 1, 5, 40, 3, 2, 9, 1),
(1074, 1, '2020-02-12', 1, 6, 18, 3, 1, 0, 60),
(1075, 1, '2020-02-12', 1, 6, 18, 3, 2, 1, 1),
(1076, 1, '2020-02-12', 1, 6, 18, 3, 2, 9, 1),
(1077, 1, '2020-02-12', 1, 6, 18, 10, 1, 0, 57),
(1078, 1, '2020-02-12', 1, 6, 18, 10, 2, 1, 1),
(1079, 1, '2020-02-12', 1, 7, 1, 4, 1, 0, 54),
(1080, 1, '2020-02-12', 1, 7, 1, 4, 2, 8, 1),
(1081, 1, '2020-02-12', 1, 7, 1, 4, 2, 9, 2),
(1082, 1, '2020-02-12', 1, 8, 33, 2, 1, 0, 82),
(1083, 1, '2020-02-12', 1, 9, 25, 4, 1, 0, 69),
(1084, 1, '2020-02-12', 1, 9, 25, 4, 2, 9, 1),
(1085, 1, '2020-02-12', 1, 10, 1, 5, 1, 0, 57),
(1086, 1, '2020-02-12', 1, 10, 1, 5, 2, 9, 1),
(1087, 1, '2020-02-12', 1, 11, 1, 7, 1, 0, 56),
(1088, 1, '2020-02-12', 1, 11, 1, 7, 2, 9, 1),
(1089, 1, '2020-02-12', 1, 12, 16, 6, 1, 0, 62),
(1090, 1, '2020-02-12', 1, 12, 16, 6, 2, 9, 4),
(1091, 1, '2020-02-12', 1, 13, 16, 4, 1, 0, 60),
(1092, 1, '2020-02-12', 1, 13, 16, 4, 2, 9, 2),
(1093, 1, '2020-02-12', 1, 14, 1, 8, 1, 0, 61),
(1094, 1, '2020-02-12', 1, 15, 34, 6, 1, 0, 74),
(1095, 1, '2020-02-12', 1, 15, 34, 6, 2, 9, 2),
(1096, 1, '2020-02-12', 1, 16, 18, 9, 1, 0, 58),
(1097, 1, '2020-02-12', 1, 16, 18, 9, 2, 9, 3),
(1098, 1, '2020-02-12', 1, 17, 27, 4, 1, 0, 58),
(1099, 1, '2020-02-12', 1, 17, 27, 4, 2, 9, 1),
(1100, 1, '2020-02-12', 1, 18, 1, 1, 1, 0, 63),
(1101, 1, '2020-02-12', 1, 18, 1, 1, 2, 9, 1),
(1102, 1, '2020-02-12', 1, 19, 35, 10, 1, 0, 63),
(1103, 1, '2020-02-12', 1, 19, 35, 10, 2, 9, 3),
(1104, 1, '2020-02-12', 1, 20, 35, 3, 1, 0, 69),
(1105, 1, '2020-02-12', 1, 20, 35, 3, 2, 9, 1),
(1106, 1, '2020-02-12', 1, 21, 35, 11, 1, 0, 2),
(1107, 1, '2020-02-12', 1, 21, 35, 2, 1, 0, 37),
(1108, 1, '2020-02-12', 1, 21, 35, 2, 2, 9, 1),
(1109, 1, '2020-02-12', 1, 22, 35, 7, 1, 0, 62),
(1110, 1, '2020-02-12', 1, 22, 35, 7, 2, 9, 3),
(1111, 1, '2020-02-12', 1, 23, 35, 5, 1, 0, 56),
(1112, 1, '2020-02-12', 1, 23, 35, 5, 2, 8, 1),
(1113, 1, '2020-02-12', 1, 23, 35, 5, 2, 9, 4),
(1114, 1, '2020-02-12', 1, 24, 13, 1, 1, 0, 36),
(1115, 1, '2020-02-12', 1, 24, 13, 1, 2, 1, 5),
(1116, 1, '2020-02-12', 1, 24, 13, 1, 2, 8, 1),
(1117, 1, '2020-02-12', 1, 24, 13, 1, 2, 9, 2),
(1118, 1, '2020-02-12', 1, 25, 16, 2, 1, 0, 2),
(1119, 1, '2020-02-12', 1, 25, 16, 2, 2, 1, 2),
(1120, 1, '2020-02-12', 1, 25, 16, 2, 2, 9, 1),
(1121, 1, '2020-02-12', 1, 25, 16, 3, 1, 0, 43),
(1122, 1, '2020-02-12', 1, 25, 16, 3, 2, 9, 3),
(1123, 1, '2020-02-12', 1, 26, 1, 6, 1, 0, 25),
(1124, 1, '2020-02-12', 1, 26, 1, 6, 2, 9, 1),
(1125, 1, '2020-02-12', 1, 26, 1, 3, 1, 0, 6),
(1126, 1, '2020-02-12', 1, 26, 1, 3, 2, 1, 1),
(1127, 1, '2020-02-12', 1, 26, 1, 3, 2, 9, 1),
(1128, 1, '2020-02-12', 1, 27, 22, 1, 1, 0, 60),
(1129, 1, '2020-02-12', 1, 28, 34, 9, 1, 0, 74),
(1130, 1, '2020-02-12', 1, 1, 1, 1, 1, 0, 67),
(1131, 1, '2020-02-12', 1, 1, 1, 1, 2, 1, 1),
(1132, 1, '2020-02-12', 1, 1, 1, 1, 2, 9, 1),
(1133, 1, '2020-02-12', 1, 30, 22, 3, 1, 0, 7),
(1134, 1, '2020-02-12', 1, 30, 22, 3, 2, 9, 1),
(1135, 1, '2020-02-12', 1, 30, 22, 8, 1, 0, 44),
(1136, 1, '2020-02-12', 1, 30, 22, 8, 2, 9, 2),
(1137, 1, '2020-02-12', 1, 31, 13, 6, 1, 0, 53),
(1138, 1, '2020-02-12', 1, 31, 13, 6, 2, 9, 1),
(1139, 1, '2020-02-12', 1, 33, 29, 2, 1, 0, 82),
(1140, 1, '2020-02-12', 1, 33, 29, 2, 2, 9, 1),
(1141, 1, '2020-02-12', 1, 34, 29, 11, 1, 0, 63),
(1142, 1, '2020-02-12', 1, 34, 29, 11, 2, 9, 1),
(1143, 1, '2020-02-12', 1, 35, 35, 13, 1, 0, 63),
(1144, 1, '2020-02-12', 1, 35, 35, 13, 2, 9, 1),
(1145, 1, '2020-02-12', 1, 36, 29, 3, 1, 0, 75),
(1146, 1, '2020-02-12', 1, 36, 29, 3, 2, 9, 1),
(1147, 1, '2020-02-12', 1, 37, 29, 1, 1, 0, 67),
(1148, 1, '2020-02-12', 1, 37, 29, 1, 2, 9, 1),
(1149, 1, '2020-02-12', 1, 38, 25, 3, 1, 0, 82),
(1150, 1, '2020-02-12', 1, 38, 25, 3, 2, 9, 1),
(1151, 2, '2020-02-12', 1, 1, 35, 6, 1, 0, 82),
(1152, 2, '2020-02-12', 1, 1, 35, 6, 2, 9, 2),
(1153, 2, '2020-02-12', 1, 2, 18, 2, 1, 0, 60),
(1154, 2, '2020-02-12', 1, 2, 18, 2, 2, 9, 5),
(1155, 2, '2020-02-12', 1, 3, 36, 4, 1, 0, 21),
(1156, 2, '2020-02-12', 1, 3, 36, 4, 2, 9, 1),
(1157, 2, '2020-02-12', 1, 3, 16, 5, 1, 0, 49),
(1158, 2, '2020-02-12', 1, 3, 16, 5, 2, 9, 4),
(1159, 2, '2020-02-12', 1, 4, 40, 2, 1, 0, 68),
(1160, 2, '2020-02-12', 1, 4, 40, 2, 2, 1, 1),
(1161, 2, '2020-02-12', 1, 4, 40, 2, 2, 9, 3),
(1162, 2, '2020-02-12', 1, 5, 40, 3, 1, 0, 74),
(1163, 2, '2020-02-12', 1, 5, 40, 3, 2, 9, 1),
(1164, 2, '2020-02-12', 1, 1, 18, 10, 1, 0, 65),
(1165, 2, '2020-02-12', 1, 1, 18, 10, 2, 1, 1),
(1166, 2, '2020-02-12', 1, 1, 18, 10, 2, 9, 2),
(1167, 2, '2020-02-12', 1, 7, 1, 4, 1, 0, 56),
(1168, 2, '2020-02-12', 1, 7, 1, 4, 2, 9, 2),
(1169, 2, '2020-02-12', 1, 8, 33, 2, 1, 0, 79),
(1170, 2, '2020-02-12', 1, 8, 33, 2, 2, 9, 1),
(1171, 2, '2020-02-12', 1, 9, 25, 4, 1, 0, 77),
(1172, 2, '2020-02-12', 1, 9, 25, 4, 2, 9, 2),
(1173, 2, '2020-02-12', 1, 10, 1, 5, 1, 0, 67),
(1174, 2, '2020-02-12', 1, 10, 1, 5, 2, 9, 2),
(1175, 2, '2020-02-12', 1, 11, 1, 7, 1, 0, 64),
(1176, 2, '2020-02-12', 1, 11, 1, 7, 2, 9, 5),
(1177, 2, '2020-02-12', 1, 12, 16, 6, 1, 0, 66),
(1178, 2, '2020-02-12', 1, 12, 16, 6, 2, 9, 4),
(1179, 2, '2020-02-12', 1, 13, 16, 4, 1, 0, 34),
(1180, 2, '2020-02-12', 1, 13, 16, 4, 2, 8, 2),
(1181, 2, '2020-02-12', 1, 13, 16, 4, 2, 9, 6),
(1182, 2, '2020-02-12', 1, 14, 1, 8, 1, 0, 40),
(1183, 2, '2020-02-12', 1, 14, 1, 8, 2, 3, 6),
(1184, 2, '2020-02-12', 1, 14, 1, 8, 2, 9, 3),
(1185, 2, '2020-02-12', 1, 15, 34, 6, 1, 0, 37),
(1186, 2, '2020-02-12', 1, 15, 34, 6, 2, 9, 1),
(1187, 2, '2020-02-12', 1, 15, 35, 4, 1, 0, 38),
(1188, 2, '2020-02-12', 1, 15, 35, 4, 2, 9, 2),
(1189, 2, '2020-02-12', 1, 16, 18, 9, 1, 0, 58),
(1190, 2, '2020-02-12', 1, 16, 18, 9, 2, 9, 3),
(1191, 2, '2020-02-12', 1, 17, 27, 4, 1, 0, 7),
(1192, 2, '2020-02-12', 1, 17, 10, 10, 1, 0, 64),
(1193, 2, '2020-02-12', 1, 17, 10, 10, 2, 1, 1),
(1194, 2, '2020-02-12', 1, 17, 10, 10, 2, 8, 1),
(1195, 2, '2020-02-12', 1, 17, 10, 10, 2, 9, 2),
(1196, 2, '2020-02-12', 1, 18, 1, 1, 1, 0, 60),
(1197, 2, '2020-02-12', 1, 18, 1, 1, 2, 2, 1),
(1198, 2, '2020-02-12', 1, 18, 1, 1, 2, 9, 4),
(1199, 2, '2020-02-12', 1, 19, 35, 10, 1, 0, 73),
(1200, 2, '2020-02-12', 1, 19, 35, 10, 2, 9, 3),
(1201, 2, '2020-02-12', 1, 20, 35, 3, 1, 0, 72),
(1202, 2, '2020-02-12', 1, 20, 35, 3, 2, 2, 1),
(1203, 2, '2020-02-12', 1, 20, 35, 3, 2, 6, 1),
(1204, 2, '2020-02-12', 1, 20, 35, 3, 2, 8, 1),
(1205, 2, '2020-02-12', 1, 20, 35, 3, 2, 9, 3),
(1206, 2, '2020-02-12', 1, 21, 35, 2, 1, 0, 68),
(1207, 2, '2020-02-12', 1, 21, 35, 2, 2, 8, 2),
(1208, 2, '2020-02-12', 1, 21, 35, 2, 2, 9, 3),
(1209, 2, '2020-02-12', 1, 22, 1, 7, 1, 0, 1),
(1210, 2, '2020-02-12', 1, 22, 35, 11, 1, 0, 51),
(1211, 2, '2020-02-12', 1, 22, 35, 11, 2, 9, 2),
(1212, 2, '2020-02-12', 1, 23, 35, 5, 1, 0, 74),
(1213, 2, '2020-02-12', 1, 23, 35, 5, 2, 9, 3),
(1214, 2, '2020-02-12', 1, 24, 13, 1, 1, 0, 5),
(1215, 2, '2020-02-12', 1, 25, 16, 3, 1, 0, 69),
(1216, 2, '2020-02-12', 1, 25, 16, 3, 2, 9, 5),
(1217, 2, '2020-02-12', 1, 26, 1, 3, 1, 0, 72),
(1218, 2, '2020-02-12', 1, 26, 1, 3, 2, 9, 1),
(1219, 2, '2020-02-12', 1, 27, 22, 1, 1, 0, 8),
(1220, 2, '2020-02-12', 1, 27, 22, 1, 2, 9, 1),
(1221, 2, '2020-02-12', 1, 28, 34, 9, 1, 0, 79),
(1222, 2, '2020-02-12', 1, 28, 34, 9, 2, 9, 4),
(1223, 2, '2020-02-12', 1, 29, 16, 7, 1, 0, 56),
(1224, 2, '2020-02-12', 1, 29, 16, 7, 2, 1, 1),
(1225, 2, '2020-02-12', 1, 29, 16, 7, 2, 9, 2),
(1226, 2, '2020-02-12', 1, 30, 22, 8, 1, 0, 53),
(1227, 2, '2020-02-12', 1, 30, 22, 8, 2, 9, 7),
(1228, 2, '2020-02-12', 1, 31, 13, 6, 1, 0, 62),
(1229, 2, '2020-02-12', 1, 31, 13, 6, 2, 9, 4),
(1230, 2, '2020-02-12', 1, 33, 29, 2, 1, 0, 89),
(1231, 2, '2020-02-12', 1, 33, 29, 2, 2, 9, 1),
(1232, 2, '2020-02-12', 1, 34, 29, 11, 1, 0, 90),
(1233, 2, '2020-02-12', 1, 34, 29, 11, 2, 1, 1),
(1234, 2, '2020-02-12', 1, 34, 29, 11, 2, 9, 1),
(1235, 2, '2020-02-12', 1, 35, 35, 13, 1, 0, 55),
(1236, 2, '2020-02-12', 1, 35, 35, 13, 2, 1, 3),
(1237, 2, '2020-02-12', 1, 35, 35, 13, 2, 6, 1),
(1238, 2, '2020-02-12', 1, 35, 35, 13, 2, 9, 4),
(1239, 2, '2020-02-12', 1, 36, 29, 3, 1, 0, 70),
(1240, 2, '2020-02-12', 1, 36, 29, 3, 2, 8, 1),
(1241, 2, '2020-02-12', 1, 36, 29, 3, 2, 9, 1),
(1242, 2, '2020-02-12', 1, 37, 29, 1, 1, 0, 76),
(1243, 2, '2020-02-12', 1, 37, 29, 1, 2, 9, 1),
(1244, 2, '2020-02-12', 1, 38, 25, 3, 1, 0, 36),
(1245, 2, '2020-02-12', 1, 38, 25, 5, 1, 0, 50),
(1246, 2, '2020-02-12', 1, 38, 25, 5, 2, 1, 1),
(1247, 2, '2020-02-12', 1, 38, 25, 5, 2, 9, 1),
(1248, 3, '2020-02-12', 1, 1, 35, 6, 1, 0, 67),
(1249, 3, '2020-02-12', 1, 1, 35, 6, 2, 1, 1),
(1250, 3, '2020-02-12', 1, 1, 35, 6, 2, 9, 3),
(1251, 3, '2020-02-12', 1, 2, 18, 2, 1, 0, 28),
(1252, 3, '2020-02-12', 1, 2, 18, 8, 1, 0, 25),
(1253, 3, '2020-02-12', 1, 2, 18, 8, 2, 9, 1),
(1254, 3, '2020-02-12', 1, 3, 16, 5, 1, 0, 64),
(1255, 3, '2020-02-12', 1, 3, 16, 5, 2, 1, 1),
(1256, 3, '2020-02-12', 1, 3, 16, 5, 2, 9, 3),
(1257, 3, '2020-02-12', 1, 4, 40, 2, 1, 0, 45),
(1258, 3, '2020-02-12', 1, 4, 40, 2, 2, 2, 1),
(1259, 3, '2020-02-12', 1, 4, 40, 2, 2, 9, 3),
(1260, 3, '2020-02-12', 1, 5, 40, 3, 1, 0, 64),
(1261, 3, '2020-02-12', 1, 5, 40, 3, 2, 1, 2),
(1262, 3, '2020-02-12', 1, 6, 18, 10, 1, 0, 56),
(1263, 3, '2020-02-12', 1, 6, 18, 10, 2, 9, 1),
(1264, 3, '2020-02-12', 1, 7, 1, 4, 1, 0, 4),
(1265, 3, '2020-02-12', 1, 1, 1, 2, 1, 0, 61),
(1266, 3, '2020-02-12', 1, 1, 1, 2, 2, 9, 1),
(1267, 3, '2020-02-12', 1, 8, 33, 2, 1, 0, 50),
(1268, 3, '2020-02-12', 1, 8, 33, 2, 2, 9, 1),
(1269, 3, '2020-02-12', 1, 8, 34, 6, 1, 0, 22),
(1270, 3, '2020-02-12', 1, 8, 34, 6, 2, 9, 1),
(1271, 3, '2020-02-12', 1, 9, 25, 4, 1, 0, 70),
(1272, 3, '2020-02-12', 1, 9, 25, 4, 2, 1, 1),
(1273, 3, '2020-02-12', 1, 9, 25, 4, 2, 9, 1),
(1274, 3, '2020-02-12', 1, 10, 1, 5, 1, 0, 50),
(1275, 3, '2020-02-12', 1, 10, 1, 4, 1, 0, 9),
(1276, 3, '2020-02-12', 1, 10, 1, 4, 2, 9, 1),
(1277, 3, '2020-02-12', 1, 11, 1, 7, 1, 0, 63),
(1278, 3, '2020-02-12', 1, 11, 1, 7, 2, 3, 1),
(1279, 3, '2020-02-12', 1, 11, 1, 7, 2, 9, 1),
(1280, 3, '2020-02-12', 1, 12, 16, 6, 1, 0, 6),
(1281, 3, '2020-02-12', 1, 12, 16, 1, 1, 0, 57),
(1282, 3, '2020-02-12', 1, 12, 16, 1, 2, 9, 1),
(1283, 3, '2020-02-12', 1, 13, 16, 4, 1, 0, 59),
(1284, 3, '2020-02-12', 1, 13, 16, 4, 2, 8, 1),
(1285, 3, '2020-02-12', 1, 13, 16, 4, 2, 9, 1),
(1286, 3, '2020-02-12', 1, 14, 1, 8, 1, 0, 66),
(1287, 3, '2020-02-12', 1, 15, 35, 4, 1, 0, 65),
(1288, 3, '2020-02-12', 1, 15, 35, 4, 2, 9, 1),
(1289, 3, '2020-02-12', 1, 16, 18, 9, 1, 0, 67),
(1290, 3, '2020-02-12', 1, 16, 18, 9, 2, 1, 1),
(1291, 3, '2020-02-12', 1, 16, 18, 9, 2, 9, 3),
(1292, 3, '2020-02-12', 1, 17, 10, 10, 1, 0, 67),
(1293, 3, '2020-02-12', 1, 17, 10, 10, 2, 1, 1),
(1294, 3, '2020-02-12', 1, 17, 10, 10, 2, 9, 3),
(1295, 3, '2020-02-12', 1, 18, 1, 1, 1, 0, 28),
(1296, 3, '2020-02-12', 1, 18, 1, 1, 2, 1, 1),
(1297, 3, '2020-02-12', 1, 19, 35, 2, 1, 0, 70),
(1298, 3, '2020-02-12', 1, 19, 35, 2, 2, 1, 1),
(1299, 3, '2020-02-12', 1, 20, 35, 3, 1, 0, 69),
(1300, 3, '2020-02-12', 1, 20, 35, 3, 2, 9, 1),
(1301, 3, '2020-02-12', 1, 21, 35, 2, 1, 0, 64),
(1302, 3, '2020-02-12', 1, 21, 35, 2, 2, 9, 1),
(1303, 3, '2020-02-12', 1, 22, 35, 11, 1, 0, 52),
(1304, 3, '2020-02-12', 1, 22, 35, 11, 2, 9, 2),
(1305, 3, '2020-02-12', 1, 23, 35, 5, 1, 0, 68),
(1306, 3, '2020-02-12', 1, 23, 35, 5, 2, 3, 1),
(1307, 3, '2020-02-12', 1, 23, 35, 5, 2, 8, 1),
(1308, 3, '2020-02-12', 1, 23, 35, 5, 2, 9, 1),
(1309, 3, '2020-02-12', 1, 24, 13, 1, 1, 0, 43),
(1310, 3, '2020-02-12', 1, 24, 13, 1, 2, 9, 2),
(1311, 3, '2020-02-12', 1, 25, 16, 3, 1, 0, 52),
(1312, 3, '2020-02-12', 1, 25, 16, 3, 2, 9, 3),
(1313, 3, '2020-02-12', 1, 26, 1, 3, 1, 0, 55),
(1314, 3, '2020-02-12', 1, 26, 1, 3, 2, 2, 1),
(1315, 3, '2020-02-12', 1, 26, 1, 3, 2, 6, 1),
(1316, 3, '2020-02-12', 1, 26, 1, 3, 2, 8, 1),
(1317, 3, '2020-02-12', 1, 26, 1, 3, 2, 9, 1),
(1318, 3, '2020-02-12', 1, 27, 22, 3, 1, 0, 52),
(1319, 3, '2020-02-12', 1, 27, 22, 3, 2, 3, 1),
(1320, 3, '2020-02-12', 1, 27, 22, 3, 2, 9, 2),
(1321, 3, '2020-02-12', 1, 28, 34, 9, 1, 0, 60),
(1322, 3, '2020-02-12', 1, 28, 34, 9, 2, 9, 2),
(1323, 3, '2020-02-12', 1, 29, 21, 2, 1, 0, 75),
(1324, 3, '2020-02-12', 1, 30, 22, 8, 1, 0, 55),
(1325, 3, '2020-02-12', 1, 30, 22, 8, 2, 3, 2),
(1326, 3, '2020-02-12', 1, 30, 22, 8, 2, 9, 1),
(1327, 3, '2020-02-12', 1, 31, 13, 6, 1, 0, 59),
(1328, 3, '2020-02-12', 1, 33, 29, 2, 1, 0, 36),
(1329, 3, '2020-02-12', 1, 34, 29, 11, 1, 0, 83),
(1330, 3, '2020-02-12', 1, 34, 29, 11, 2, 9, 1),
(1331, 3, '2020-02-12', 1, 35, 35, 13, 1, 0, 64),
(1332, 3, '2020-02-12', 1, 35, 35, 13, 2, 1, 1),
(1333, 3, '2020-02-12', 1, 35, 35, 13, 2, 9, 2),
(1334, 3, '2020-02-12', 1, 36, 29, 3, 1, 0, 69),
(1335, 3, '2020-02-12', 1, 36, 29, 3, 2, 3, 1),
(1336, 3, '2020-02-12', 1, 36, 29, 3, 2, 9, 2),
(1337, 3, '2020-02-12', 1, 37, 29, 1, 1, 0, 43),
(1338, 3, '2020-02-12', 1, 37, 29, 10, 1, 0, 33),
(1339, 3, '2020-02-12', 1, 37, 29, 10, 2, 1, 1),
(1340, 3, '2020-02-12', 1, 37, 29, 10, 2, 9, 1),
(1341, 3, '2020-02-12', 1, 38, 25, 5, 1, 0, 80),
(1342, 3, '2020-02-12', 1, 38, 25, 5, 2, 9, 1),
(1343, 1, '2020-02-13', 1, 1, 35, 6, 1, 0, 69),
(1344, 1, '2020-02-13', 1, 1, 35, 6, 2, 1, 1),
(1345, 1, '2020-02-13', 1, 1, 35, 6, 2, 9, 1),
(1346, 1, '2020-02-13', 1, 2, 18, 8, 1, 0, 55),
(1347, 1, '2020-02-13', 1, 3, 16, 5, 1, 0, 76),
(1348, 1, '2020-02-13', 1, 3, 16, 5, 2, 7, 1),
(1349, 1, '2020-02-13', 1, 4, 40, 2, 1, 0, 56),
(1350, 1, '2020-02-13', 1, 4, 40, 2, 2, 1, 1),
(1351, 1, '2020-02-13', 1, 4, 40, 2, 2, 3, 1),
(1352, 1, '2020-02-13', 1, 4, 40, 2, 2, 9, 1),
(1353, 1, '2020-02-13', 1, 5, 40, 3, 1, 0, 4),
(1354, 1, '2020-02-13', 1, 5, 40, 3, 2, 8, 1),
(1355, 1, '2020-02-13', 1, 5, 40, 1, 1, 0, 50),
(1356, 1, '2020-02-13', 1, 5, 40, 1, 2, 9, 1),
(1357, 1, '2020-02-13', 1, 6, 18, 10, 1, 0, 60),
(1358, 1, '2020-02-13', 1, 6, 18, 10, 2, 1, 0),
(1359, 1, '2020-02-13', 1, 7, 1, 2, 1, 0, 63),
(1360, 1, '2020-02-13', 1, 7, 1, 2, 2, 9, 1),
(1361, 1, '2020-02-13', 1, 8, 34, 6, 1, 0, 85),
(1362, 1, '2020-02-13', 1, 9, 25, 4, 1, 0, 57),
(1363, 1, '2020-02-13', 1, 9, 25, 4, 2, 9, 1),
(1364, 1, '2020-02-13', 1, 10, 1, 4, 1, 0, 61),
(1365, 1, '2020-02-13', 1, 10, 1, 4, 2, 9, 1),
(1366, 1, '2020-02-13', 1, 11, 1, 7, 1, 0, 61),
(1367, 1, '2020-02-13', 1, 11, 1, 7, 2, 9, 2),
(1368, 1, '2020-02-13', 1, 12, 16, 1, 1, 0, 61),
(1369, 1, '2020-02-13', 1, 12, 16, 1, 2, 9, 3),
(1370, 1, '2020-02-13', 1, 13, 16, 4, 1, 0, 54),
(1371, 1, '2020-02-13', 1, 13, 16, 4, 2, 9, 1),
(1372, 1, '2020-02-13', 1, 13, 16, 6, 1, 0, 5),
(1373, 1, '2020-02-13', 1, 13, 16, 6, 2, 3, 2),
(1374, 1, '2020-02-13', 1, 13, 16, 6, 2, 9, 1),
(1375, 1, '2020-02-13', 1, 14, 1, 8, 1, 0, 62),
(1376, 1, '2020-02-13', 1, 14, 1, 8, 2, 9, 1),
(1377, 1, '2020-02-13', 1, 15, 35, 4, 1, 0, 68),
(1378, 1, '2020-02-13', 1, 15, 35, 4, 2, 9, 1),
(1379, 1, '2020-02-13', 1, 16, 18, 9, 1, 0, 55),
(1380, 1, '2020-02-13', 1, 16, 18, 9, 2, 9, 2),
(1381, 1, '2020-02-13', 1, 17, 10, 10, 1, 0, 74),
(1382, 1, '2020-02-13', 1, 17, 10, 10, 2, 9, 1),
(1383, 1, '2020-02-13', 1, 18, 1, 6, 1, 0, 52),
(1384, 1, '2020-02-13', 1, 18, 1, 6, 2, 2, 1),
(1385, 1, '2020-02-13', 1, 18, 1, 6, 2, 3, 1),
(1386, 1, '2020-02-13', 1, 18, 1, 6, 2, 9, 1),
(1387, 1, '2020-02-13', 1, 19, 35, 10, 1, 0, 9),
(1388, 1, '2020-02-13', 1, 19, 35, 1, 1, 0, 48),
(1389, 1, '2020-02-13', 1, 19, 35, 1, 2, 9, 3),
(1390, 1, '2020-02-13', 1, 20, 35, 3, 1, 0, 67),
(1391, 1, '2020-02-13', 1, 20, 35, 3, 2, 9, 3),
(1392, 1, '2020-02-13', 1, 21, 35, 2, 1, 0, 68),
(1393, 1, '2020-02-13', 1, 21, 35, 2, 2, 9, 2),
(1394, 1, '2020-02-13', 1, 22, 35, 11, 1, 0, 68),
(1395, 1, '2020-02-13', 1, 22, 35, 11, 2, 9, 3),
(1396, 1, '2020-02-13', 1, 23, 35, 5, 1, 0, 69),
(1397, 1, '2020-02-13', 1, 23, 35, 5, 2, 1, 1),
(1398, 1, '2020-02-13', 1, 23, 35, 5, 2, 9, 1),
(1399, 1, '2020-02-13', 1, 24, 13, 1, 1, 0, 35),
(1400, 1, '2020-02-13', 1, 24, 13, 1, 2, 9, 3),
(1401, 1, '2020-02-13', 1, 25, 16, 3, 1, 0, 57),
(1402, 1, '2020-02-13', 1, 25, 16, 3, 2, 9, 1),
(1403, 1, '2020-02-13', 1, 26, 1, 3, 1, 0, 55),
(1404, 1, '2020-02-13', 1, 26, 1, 3, 2, 9, 2),
(1405, 1, '2020-02-13', 1, 27, 22, 3, 1, 0, 55),
(1406, 1, '2020-02-13', 1, 27, 22, 3, 2, 9, 1),
(1407, 1, '2020-02-13', 1, 28, 34, 9, 1, 0, 73),
(1408, 1, '2020-02-13', 1, 29, 21, 2, 1, 0, 60),
(1409, 1, '2020-02-13', 1, 29, 21, 2, 2, 9, 1),
(1410, 1, '2020-02-13', 1, 30, 22, 8, 1, 0, 59),
(1411, 1, '2020-02-13', 1, 30, 22, 8, 2, 9, 1),
(1412, 1, '2020-02-13', 1, 31, 13, 6, 1, 0, 14),
(1413, 1, '2020-02-13', 1, 31, 16, 7, 1, 0, 42),
(1414, 1, '2020-02-13', 1, 31, 16, 7, 2, 6, 1),
(1415, 1, '2020-02-13', 1, 31, 16, 7, 2, 9, 1),
(1416, 1, '2020-02-13', 1, 33, 29, 2, 1, 0, 79),
(1417, 1, '2020-02-13', 1, 33, 29, 2, 2, 9, 2),
(1418, 1, '2020-02-13', 1, 34, 29, 11, 1, 0, 82),
(1419, 1, '2020-02-13', 1, 34, 29, 11, 2, 1, 1),
(1420, 1, '2020-02-13', 1, 34, 29, 11, 2, 9, 1),
(1421, 1, '2020-02-13', 1, 35, 35, 13, 1, 0, 58),
(1422, 1, '2020-02-13', 1, 35, 35, 13, 2, 1, 2),
(1423, 1, '2020-02-13', 1, 35, 35, 13, 2, 9, 1),
(1424, 1, '2020-02-13', 1, 36, 29, 3, 1, 0, 16),
(1425, 1, '2020-02-13', 1, 36, 25, 1, 1, 0, 44),
(1426, 1, '2020-02-13', 1, 36, 25, 1, 2, 9, 1),
(1427, 1, '2020-02-13', 1, 37, 29, 10, 1, 0, 77),
(1428, 1, '2020-02-13', 1, 37, 29, 10, 2, 9, 1),
(1429, 1, '2020-02-13', 1, 38, 25, 5, 1, 0, 78),
(1430, 1, '2020-02-13', 1, 38, 25, 5, 2, 8, 1),
(1431, 1, '2020-02-13', 1, 38, 25, 5, 2, 9, 1);

-- --------------------------------------------------------

--
-- Table structure for table `hasil_m`
--

CREATE TABLE `hasil_m` (
  `id_hasil_m` int(11) NOT NULL,
  `id_shift` int(11) NOT NULL,
  `tanggal` date NOT NULL,
  `id_lini` int(11) NOT NULL,
  `id_mesin` int(11) NOT NULL,
  `id_type` int(11) NOT NULL
) ENGINE=InnoDB DEFAULT CHARSET=utf8mb4;

--
-- Dumping data for table `hasil_m`
--

INSERT INTO `hasil_m` (`id_hasil_m`, `id_shift`, `tanggal`, `id_lini`, `id_mesin`, `id_type`) VALUES
(3, 1, '2020-03-05', 0, 1, 8),
(4, 1, '2020-03-05', 0, 1, 1),
(5, 1, '2020-03-05', 2, 67, 9),
(6, 1, '2020-03-08', 1, 1, 1);

-- --------------------------------------------------------

--
-- Table structure for table `jenis`
--

CREATE TABLE `jenis` (
  `id_jenis` int(11) NOT NULL,
  `nama_jenis` varchar(20) NOT NULL
) ENGINE=InnoDB DEFAULT CHARSET=utf8mb4;

--
-- Dumping data for table `jenis`
--

INSERT INTO `jenis` (`id_jenis`, `nama_jenis`) VALUES
(1, 'Oke'),
(2, 'NG');

-- --------------------------------------------------------

--
-- Table structure for table `laporan`
--

CREATE TABLE `laporan` (
  `id_laporan` int(11) NOT NULL,
  `id_hasil` int(11) NOT NULL,
  `id_jenis` int(11) NOT NULL,
  `id_deffect` int(11) NOT NULL,
  `qty` varchar(500) NOT NULL
) ENGINE=InnoDB DEFAULT CHARSET=utf8mb4;

--
-- Dumping data for table `laporan`
--

INSERT INTO `laporan` (`id_laporan`, `id_hasil`, `id_jenis`, `id_deffect`, `qty`) VALUES
(126, 91, 2, 1, '6'),
(127, 91, 2, 3, '7'),
(128, 91, 1, 0, '0'),
(129, 92, 1, 0, '100'),
(130, 92, 2, 1, '4'),
(131, 92, 2, 3, '3'),
(133, 94, 2, 4, '30'),
(134, 95, 1, 0, '30'),
(138, 90, 1, 0, '100'),
(139, 90, 2, 4, '50'),
(150, 96, 1, 0, '500'),
(151, 103, 2, 4, '20'),
(152, 104, 1, 0, '0'),
(165, 120, 1, 0, '16'),
(166, 120, 2, 1, '11'),
(167, 120, 2, 2, '12'),
(168, 120, 2, 3, '12'),
(169, 120, 2, 4, '46'),
(170, 121, 1, 0, '20'),
(171, 121, 2, 1, '20'),
(172, 121, 2, 2, '20'),
(173, 121, 2, 3, '20'),
(174, 122, 1, 0, '20'),
(175, 122, 2, 1, '20'),
(176, 122, 2, 2, '20'),
(177, 123, 1, 0, '20'),
(178, 123, 2, 1, '20'),
(179, 123, 2, 2, '20'),
(180, 123, 2, 3, '20');

-- --------------------------------------------------------

--
-- Table structure for table `laporan_m`
--

CREATE TABLE `laporan_m` (
  `id_laporan_m` int(11) NOT NULL,
  `id_hasil_m` int(11) NOT NULL,
  `mold` int(11) NOT NULL,
  `id_deffect_m` int(11) NOT NULL,
  `qty` int(11) NOT NULL
) ENGINE=InnoDB DEFAULT CHARSET=utf8mb4;

--
-- Dumping data for table `laporan_m`
--

INSERT INTO `laporan_m` (`id_laporan_m`, `id_hasil_m`, `mold`, `id_deffect_m`, `qty`) VALUES
(1, 3, 0, 1, 1),
(2, 3, 0, 2, 2),
(3, 4, 1, 1, 1),
(4, 4, 5, 5, 5),
(7, 6, 1, 15, 10),
(8, 6, 2, 6, 30),
(11, 5, 9, 9, 10),
(12, 5, 9, 9, 9);

-- --------------------------------------------------------

--
-- Table structure for table `lini`
--

CREATE TABLE `lini` (
  `id_lini` int(11) NOT NULL,
  `nama_lini` varchar(50) NOT NULL
) ENGINE=InnoDB DEFAULT CHARSET=utf8mb4;

--
-- Dumping data for table `lini`
--

INSERT INTO `lini` (`id_lini`, `nama_lini`) VALUES
(1, 'Casting'),
(2, 'Machining');

-- --------------------------------------------------------

--
-- Table structure for table `mahasiswa`
--

CREATE TABLE `mahasiswa` (
  `id` int(11) NOT NULL,
  `nama` varchar(128) NOT NULL,
  `nim` varchar(20) NOT NULL,
  `fakultas` varchar(128) NOT NULL,
  `jurusan` varchar(128) NOT NULL
) ENGINE=InnoDB DEFAULT CHARSET=utf8mb4;

--
-- Dumping data for table `mahasiswa`
--

INSERT INTO `mahasiswa` (`id`, `nama`, `nim`, `fakultas`, `jurusan`) VALUES
(1, 'angkasa', '175150409111019', 'ilmu', 'teknik komunikasi'),
(2, 'rizky', '175150409111009', 'ilmu komputer', 'teknik informatika'),
(4, 'noval angkasa', '175150409111020', 'pertanian', 'pangan');

-- --------------------------------------------------------

--
-- Table structure for table `mesin`
--

CREATE TABLE `mesin` (
  `id_mesin` int(11) NOT NULL,
  `id_lini` int(11) NOT NULL,
  `jenis_mesin` varchar(128) NOT NULL
) ENGINE=InnoDB DEFAULT CHARSET=utf8mb4;

--
-- Dumping data for table `mesin`
--

INSERT INTO `mesin` (`id_mesin`, `id_lini`, `jenis_mesin`) VALUES
(1, 1, '1A'),
(2, 1, '1B'),
(3, 1, '1C'),
(4, 1, '1D'),
(5, 1, '1E'),
(6, 1, '1F'),
(7, 1, '1G'),
(8, 1, '1H'),
(9, 1, '1I'),
(10, 1, '2A'),
(11, 1, '2B'),
(12, 1, '2C'),
(13, 1, '2D'),
(14, 1, '2E'),
(15, 1, '2F'),
(16, 1, '2G'),
(17, 1, '2H'),
(18, 1, '3A'),
(19, 1, '3B'),
(20, 1, '3C'),
(21, 1, '3D'),
(22, 1, '3E'),
(23, 1, '3F'),
(24, 1, '4A'),
(25, 1, '4B'),
(26, 1, '4C'),
(27, 1, '4D'),
(28, 1, '4E'),
(29, 1, '4F'),
(30, 1, '4G'),
(31, 1, '4H'),
(33, 1, 'Mesin LPM 1'),
(34, 1, 'Mesin LPM 2'),
(35, 1, 'Mesin LPM 3'),
(36, 1, 'Mesin LPM 4'),
(37, 1, 'Mesin LPM 5'),
(38, 1, 'Mesin LPM 6'),
(55, 2, '1'),
(56, 2, '2'),
(57, 2, '3'),
(58, 2, '4'),
(59, 2, '5'),
(60, 2, '6'),
(61, 2, '7'),
(62, 2, '8'),
(63, 2, '9'),
(64, 2, '10'),
(65, 2, '11'),
(66, 2, '12'),
(67, 2, '13');

-- --------------------------------------------------------

--
-- Table structure for table `mold`
--

CREATE TABLE `mold` (
  `id_mold` int(11) NOT NULL,
  `mold` varchar(3) NOT NULL
) ENGINE=InnoDB DEFAULT CHARSET=utf8mb4;

--
-- Dumping data for table `mold`
--

INSERT INTO `mold` (`id_mold`, `mold`) VALUES
(1, '1'),
(2, '2'),
(3, '3'),
(4, '4'),
(5, '5'),
(6, '6'),
(7, '7'),
(8, '8'),
(9, '9'),
(10, '10'),
(11, '11'),
(12, '12'),
(13, '13'),
(14, '14'),
(15, '15'),
(16, '16'),
(17, '17'),
(18, '18'),
(19, '19'),
(20, '20'),
(21, '21'),
(22, '22'),
(23, '23'),
(24, '24'),
(25, '25'),
(26, '26'),
(27, '27'),
(28, '28'),
(29, '29'),
(30, '30');

-- --------------------------------------------------------

--
-- Table structure for table `pcs_data`
--

CREATE TABLE `pcs_data` (
  `id` int(11) NOT NULL,
  `tanggal` varchar(128) NOT NULL,
  `lini` varchar(128) NOT NULL,
  `shift` varchar(5) NOT NULL,
  `mesin` varchar(128) NOT NULL,
  `hasil_produksi` varchar(128) NOT NULL,
  `dies_1` varchar(128) NOT NULL,
  `dies_2` varchar(128) NOT NULL,
  `dies_3` varchar(128) NOT NULL,
  `dies_4` varchar(128) NOT NULL,
  `dies_5` varchar(128) NOT NULL,
  `dies_6` varchar(128) NOT NULL,
  `dies_7` varchar(128) NOT NULL,
  `dies_8` varchar(128) NOT NULL,
  `dies_9` varchar(128) NOT NULL,
  `dies_10` varchar(128) NOT NULL,
  `dies_11` varchar(128) NOT NULL,
  `dies_12` varchar(128) NOT NULL,
  `dies_13` varchar(128) NOT NULL,
  `dies_14` varchar(128) NOT NULL,
  `dies_15` varchar(128) NOT NULL,
  `dies_16` varchar(128) NOT NULL,
  `dies_17` varchar(128) NOT NULL,
  `dies_18` varchar(128) NOT NULL,
  `dies_19` varchar(128) NOT NULL,
  `dies_20` varchar(128) NOT NULL,
  `dies_21` varchar(128) NOT NULL,
  `dies_22` varchar(128) NOT NULL,
  `dies_23` varchar(128) NOT NULL,
  `dies_24` varchar(128) NOT NULL,
  `dies_25` varchar(128) NOT NULL,
  `dies_26` varchar(128) NOT NULL,
  `dies_27` varchar(128) NOT NULL,
  `dies_28` varchar(128) NOT NULL,
  `dies_29` varchar(128) NOT NULL,
  `dies_30` varchar(128) NOT NULL
) ENGINE=InnoDB DEFAULT CHARSET=utf8mb4;

--
-- Dumping data for table `pcs_data`
--

INSERT INTO `pcs_data` (`id`, `tanggal`, `lini`, `shift`, `mesin`, `hasil_produksi`, `dies_1`, `dies_2`, `dies_3`, `dies_4`, `dies_5`, `dies_6`, `dies_7`, `dies_8`, `dies_9`, `dies_10`, `dies_11`, `dies_12`, `dies_13`, `dies_14`, `dies_15`, `dies_16`, `dies_17`, `dies_18`, `dies_19`, `dies_20`, `dies_21`, `dies_22`, `dies_23`, `dies_24`, `dies_25`, `dies_26`, `dies_27`, `dies_28`, `dies_29`, `dies_30`) VALUES
(7, '18-12-2019', '31 Casting KRW', '1-2', 'WC01 Casting 1', 'ok', '100', '', '100', '', '', '', '', '', '', '', '', '', '', '', '', '', '', '', '', '', '', '', '', '', '', '', '', '', '', '');

-- --------------------------------------------------------

--
-- Table structure for table `peoples`
--

CREATE TABLE `peoples` (
  `id` int(9) UNSIGNED NOT NULL,
  `name` varchar(100) NOT NULL,
  `address` varchar(255) NOT NULL,
  `email` varchar(100) NOT NULL
) ENGINE=InnoDB DEFAULT CHARSET=utf8;

--
-- Dumping data for table `peoples`
--

INSERT INTO `peoples` (`id`, `name`, `address`, `email`) VALUES
(1, 'Wilmer Schoen', '41790 Sibyl Cliffs Apt. 247', 'gaylord.lafayette@example.net'),
(2, 'Lue Hansen DVM', '906 Collier Views Suite 976', 'desiree.grant@example.com'),
(3, 'Arlie Osinski', '76120 Audrey Via Apt. 267', 'ewell.johnston@example.com'),
(4, 'Josianne Effertz', '67824 Rachel Harbors Apt. 133', 'hazel20@example.net'),
(5, 'Prof. Camille Turner MD', '794 Van Branch', 'waufderhar@example.net'),
(6, 'Ova Trantow', '19615 Beatty Lake Apt. 129', 'deven.wintheiser@example.com'),
(7, 'Margarette Bernier', '453 Predovic Court', 'kale.toy@example.net'),
(8, 'Katelin Nikolaus', '9738 Alford Key Apt. 911', 'wyman.velma@example.org'),
(9, 'Levi Nitzsche Jr.', '170 Wolff Brooks', 'reymundo13@example.net'),
(10, 'Elfrieda Durgan', '096 Toney Cliffs Suite 453', 'bayer.bobby@example.com'),
(11, 'Gregoria Hilpert', '47403 Fahey Ville', 'kemmer.carole@example.org'),
(12, 'May Gleichner Jr.', '72188 West Turnpike Suite 883', 'mgrady@example.org'),
(13, 'Carmen Gaylord', '3613 Kerluke Loaf', 'willie71@example.net'),
(14, 'Aliya Altenwerth', '1581 Price Forge', 'lwilkinson@example.net'),
(15, 'Van Heathcote DDS', '190 Kilback Brooks Suite 999', 'gdickens@example.com'),
(16, 'Miss Annabell Konopelski MD', '852 Beier Flats', 'wyman.perry@example.com'),
(17, 'Jessie Runolfsdottir PhD', '8000 Nora Ford Suite 193', 'owisoky@example.com'),
(18, 'Leone Metz DVM', '4669 Cummerata Inlet Suite 450', 'rmueller@example.org'),
(19, 'Buster Lang', '7297 Barton Place Apt. 612', 'morton.braun@example.com'),
(20, 'Prof. Armand Gleichner', '21248 Jaeden Junction', 'morgan.stehr@example.com'),
(21, 'Mr. Philip Gibson', '14403 Lorenz Stravenue', 'hintz.emanuel@example.org'),
(22, 'Elmo Kuphal III', '6046 Orn Prairie', 'eino.doyle@example.net'),
(23, 'Dr. Sven Lehner MD', '160 Emiliano Mountain Suite 391', 'brandy54@example.com'),
(24, 'Rita Gulgowski', '840 Alejandra Rapids Apt. 126', 'bernadette43@example.com'),
(25, 'Loy Schuster', '515 Lowe Walk Suite 705', 'sabrina36@example.com'),
(26, 'Prof. Casper McDermott I', '65440 Malvina Passage Apt. 173', 'bokuneva@example.com'),
(27, 'Krystel Emmerich Sr.', '85954 Christiana Springs', 'aron.walker@example.com'),
(28, 'Jessika Hermann', '2101 Aurelie Court Suite 126', 'wilfredo84@example.org'),
(29, 'Elmore Blanda MD', '401 Shanahan Curve Suite 324', 'pinkie.wolf@example.com'),
(30, 'Angela Jacobson', '5340 Reanna Ways Apt. 564', 'bessie99@example.org'),
(31, 'Kody Gislason', '12483 Hyatt Park', 'ardella.bartell@example.net'),
(32, 'Miss Nedra Kshlerin Sr.', '53524 Terry Passage', 'ewisoky@example.net'),
(33, 'Louie Bernier DVM', '95617 Moen Radial Suite 790', 'bettye.brown@example.net'),
(34, 'Darlene Schumm', '397 Kessler Lake Apt. 396', 'dexter.strosin@example.net'),
(35, 'Dariana Windler', '328 Kutch Extensions', 'rogelio74@example.com'),
(36, 'Belle Purdy', '46364 Dach Views Suite 621', 'daniel.lesly@example.net'),
(37, 'Prof. Reginald Padberg Jr.', '7408 Teagan Fort', 'jerome.jerde@example.net'),
(38, 'Mrs. Joanny Crooks MD', '7074 Zieme Motorway', 'littel.frida@example.com'),
(39, 'Mrs. Dorothea Howell III', '74379 Vada Fords Apt. 539', 'tre.kulas@example.org'),
(40, 'Dedric Runte', '299 Hattie Orchard', 'chauncey.hirthe@example.com'),
(41, 'Skyla White', '35864 Summer Junction Suite 909', 'jakob.lynch@example.com'),
(42, 'Nedra Conn', '51450 Mraz Springs', 'yundt.art@example.org'),
(43, 'Orrin Boyer', '9163 Wilderman Plains Apt. 456', 'elijah.breitenberg@example.org'),
(44, 'Ms. Aditya Kuvalis', '13140 Kaylah Camp', 'lemke.bonita@example.com'),
(45, 'Sammie Watsica', '79634 Lebsack Radial Suite 137', 'xhamill@example.org'),
(46, 'Nikki Fahey V', '421 Greenfelder Dale Suite 719', 'deron.cormier@example.com'),
(47, 'Prof. Dolores Upton', '86831 Schiller Ramp', 'nschroeder@example.com'),
(48, 'Tiara Dietrich', '95949 Gibson Meadows', 'derick.leannon@example.org'),
(49, 'Vicente Conn', '485 Tressie Unions Suite 922', 'coberbrunner@example.org'),
(50, 'Vena Hills', '1522 Mozelle Lodge Apt. 809', 'juliet52@example.net'),
(51, 'Shaniya Schaefer', '9310 Koelpin Hill Apt. 269', 'hdibbert@example.net'),
(52, 'Bernita Schaefer', '209 Barrows Common Apt. 996', 'mose85@example.net'),
(53, 'Cheyenne Dicki DDS', '76556 Taryn Glen Suite 172', 'hirthe.alexandre@example.com'),
(54, 'Renee Grant', '374 Johanna Forges', 'felicita20@example.net'),
(55, 'Corine Balistreri', '6085 Cicero Turnpike', 'grimes.jadon@example.org'),
(56, 'Jedediah Huels Sr.', '63861 Shana Light Apt. 787', 'martin.towne@example.org'),
(57, 'Faye Ferry', '43732 Cleora Garden', 'nmaggio@example.org'),
(58, 'Alford Bailey', '540 Allison Harbor', 'lexie.o\'connell@example.com'),
(59, 'Telly Lind', '9411 Armstrong Well', 'stiedemann.marcelina@example.net'),
(60, 'Lora DuBuque Sr.', '9974 Hodkiewicz Cliff Suite 811', 'gorczany.brandi@example.net'),
(61, 'Vernie Bosco', '07123 Howe Branch', 'judson22@example.org'),
(62, 'Alysa Cassin Sr.', '7957 Gislason Mount', 'veronica.langosh@example.com'),
(63, 'Mr. Ransom Powlowski DVM', '128 Kali Ranch Apt. 544', 'rgoodwin@example.net'),
(64, 'Prof. Sammy Lang', '663 Frami Fort Apt. 709', 'reichel.elias@example.org'),
(65, 'Bud Parisian I', '00329 Homenick Springs', 'ronaldo.borer@example.org'),
(66, 'Avery Rosenbaum', '402 Janiya Lane', 'kirsten62@example.org'),
(67, 'Prof. Maurice Wuckert Sr.', '236 Geovanni Fall Apt. 861', 'dboyle@example.com'),
(68, 'Maryam Huel', '4273 Jennyfer Well', 'prunolfsson@example.net'),
(69, 'Dr. Ewald Dickens III', '28506 Rempel Pike', 'bert.cole@example.net'),
(70, 'Amelia Hilpert', '99316 Woodrow Prairie Suite 071', 'unikolaus@example.com'),
(71, 'Dr. Stephon O\'Connell', '3657 Americo Port Suite 321', 'skye55@example.com'),
(72, 'Elmo Mosciski', '69349 Jeramie Lake', 'mlehner@example.com'),
(73, 'Dr. Ezra Schiller II', '967 Nolan Drive Suite 739', 'olarson@example.net'),
(74, 'Lela Kilback', '130 Orn Expressway Suite 068', 'flavio.rosenbaum@example.net'),
(75, 'Joy Murray', '6288 Leslie Court Apt. 100', 'deckow.tyree@example.com'),
(76, 'Cara Steuber II', '880 Evan Branch', 'schulist.madisen@example.org'),
(77, 'Dr. Bertram Jenkins Jr.', '36609 Bailey Ports Suite 875', 'leila.cassin@example.org'),
(78, 'German Shields I', '03572 Brook Crossing', 'ortiz.annabelle@example.net'),
(79, 'Elyse McDermott', '3236 Schmitt Islands', 'trisha.tromp@example.org'),
(80, 'Roberto Thiel', '3890 Rosenbaum Place Suite 669', 'itzel12@example.org'),
(81, 'Sherman Sanford', '491 Kovacek Loaf', 'boberbrunner@example.org'),
(82, 'Annetta Franecki', '6443 Patrick Valley', 'bednar.roberto@example.org'),
(83, 'Prof. Ford Bauch III', '636 Morton Courts Apt. 483', 'lawrence.torphy@example.com'),
(84, 'Allan Brekke', '1726 Gregg Prairie Suite 902', 'barton.green@example.org'),
(85, 'Wade Raynor IV', '474 Jaskolski Way', 'kiera.okuneva@example.com'),
(86, 'Clare Gerhold MD', '670 Lee Plaza', 'bdavis@example.net'),
(87, 'Darrin Gerhold', '04310 Dibbert Keys Apt. 468', 'wilkinson.giuseppe@example.com'),
(88, 'Mafalda Powlowski', '261 Cristian Freeway', 'freeda.cormier@example.org'),
(89, 'Karina Prosacco', '05417 Cole Ranch Apt. 528', 'quigley.donna@example.com'),
(90, 'Ms. Annamae Rosenbaum DDS', '147 Reynolds Estate', 'nyasia20@example.org'),
(91, 'Beaulah Bayer', '38427 Cullen Track Apt. 231', 'egreen@example.org'),
(92, 'Matteo Schneider', '1036 Walter Parkway', 'considine.mia@example.org'),
(93, 'Vallie Hane I', '88408 Dickens Divide Suite 119', 'natalia.weissnat@example.net'),
(94, 'Ms. Valentine Hagenes PhD', '551 Hayes Forest', 'gonzalo42@example.com'),
(95, 'Darby Torp', '24909 Wilhelmine Gateway', 'rosenbaum.gussie@example.net'),
(96, 'Ms. Valentina Hand', '09106 Green Inlet Suite 949', 'lind.vladimir@example.com'),
(97, 'Jaden Emard', '219 Berniece Rest Apt. 321', 'adah39@example.org'),
(98, 'Fermin Schulist DVM', '7422 Koch Expressway', 'dlarson@example.com'),
(99, 'Torey Kunde', '0885 Liliana Cape Suite 818', 'kprohaska@example.com'),
(100, 'Lonnie Kirlin DVM', '9823 Hoeger Rapids Apt. 568', 'elise37@example.org'),
(101, 'Georgette Feest', '62909 Bechtelar Crossing', 'jframi@example.net'),
(102, 'Joseph Romaguera III', '3173 Talon Streets Suite 484', 'leon04@example.com'),
(103, 'Kiarra Spinka Jr.', '6172 Kilback Streets', 'corwin.jimmie@example.org'),
(104, 'Christophe Olson', '2598 Beier Hill Suite 367', 'uhayes@example.com'),
(105, 'Aliya Wolff', '96450 Gleichner Green', 'diamond57@example.net'),
(106, 'Chaz Heaney PhD', '3967 Howell Hollow Suite 568', 'white.cooper@example.com'),
(107, 'Jarod Hagenes', '68965 Jaskolski Courts Apt. 889', 'bauch.raquel@example.org'),
(108, 'Eda Johnson', '0415 Schoen Street', 'smarvin@example.net'),
(109, 'Princess Fisher', '5840 Eulalia Forks', 'carlo.rogahn@example.org'),
(110, 'Kathryn Wiza', '9382 Abraham Pass Suite 199', 'justen14@example.org'),
(111, 'Berta Zulauf', '278 Lucile Canyon Suite 346', 'fay.adrienne@example.com'),
(112, 'Dr. Elijah Mante DVM', '325 Percival Forest', 'sauer.germaine@example.net'),
(113, 'Mrs. Maryse Kirlin II', '50682 Leann Gateway Suite 407', 'williamson.mya@example.com'),
(114, 'Brenden Crist', '718 Stehr Corner Apt. 967', 'meda91@example.com'),
(115, 'Ramon Jenkins Jr.', '02317 Christiansen Squares Suite 976', 'boyle.era@example.net'),
(116, 'Ted Runolfsdottir', '09348 Hettinger Stravenue', 'lavina.greenfelder@example.org'),
(117, 'Vernie Feeney', '22184 Lorena Summit Suite 538', 'enrique81@example.net'),
(118, 'Dr. Jacey Simonis Sr.', '38953 Tevin Light', 'dillon03@example.net'),
(119, 'Ebony Oberbrunner I', '48528 Champlin Parkway Apt. 963', 'klocko.turner@example.net'),
(120, 'Toby Ortiz', '222 Ryan Junctions', 'bkub@example.org'),
(121, 'Lue Steuber', '1883 Lynch Turnpike Apt. 804', 'jauer@example.net'),
(122, 'Ms. Aileen Pagac DDS', '6768 Veda Walk Apt. 891', 'marjory.tremblay@example.net'),
(123, 'Cade Kuvalis', '374 Lang Forges Apt. 764', 'kristin.strosin@example.net'),
(124, 'Erick Ferry I', '7234 Cristopher Common', 'boris.leuschke@example.org'),
(125, 'Dr. Otho Hauck', '828 Gibson Streets Suite 749', 'hlang@example.com'),
(126, 'Lorenza Schmeler', '526 Sanford Lake Suite 673', 'zpacocha@example.com'),
(127, 'Dr. Joyce Gutkowski I', '66997 Effertz Fall Suite 904', 'elda53@example.net'),
(128, 'Charity Dietrich', '5988 Jenkins Cliffs', 'armani.effertz@example.net'),
(129, 'Dr. Haleigh Tromp', '5259 Heidenreich Light', 'samantha76@example.net'),
(130, 'Terry Ritchie DDS', '142 Watsica Club', 'wilderman.shyann@example.com'),
(131, 'Miss Chloe Jast', '44694 Brakus Stravenue', 'cswaniawski@example.com'),
(132, 'Dr. Stephon Walsh', '85244 Goodwin Turnpike', 'waters.pansy@example.com'),
(133, 'Muhammad Carter', '2899 Florence Prairie Suite 600', 'buster.batz@example.com'),
(134, 'Retha Kris', '06232 Rhianna Stream', 'terry.rempel@example.com'),
(135, 'Crystel Bode', '32480 Bode Path Suite 315', 'leuschke.patsy@example.net'),
(136, 'Prof. Rossie Feest', '4056 Gwen Stream Apt. 897', 'antonina93@example.org'),
(137, 'Prof. Max Reichel PhD', '68806 Grant Park', 'heidenreich.harry@example.com'),
(138, 'Ed Dicki', '19328 Johan Center', 'bturcotte@example.net'),
(139, 'Adella Renner', '706 Romaguera Plaza Suite 984', 'abbott.althea@example.net'),
(140, 'Jacynthe Feil', '284 Luz Fields', 'pcorkery@example.net'),
(141, 'Gabe Kertzmann', '109 Mitchel Court', 'maybelle57@example.com'),
(142, 'Lily Tromp MD', '05477 Greenfelder Lake Suite 006', 'fcollier@example.org'),
(143, 'Mr. Paxton Erdman', '86289 Zena Plains Apt. 231', 'efriesen@example.org'),
(144, 'Mr. Tom Armstrong', '8773 Vern Spurs Apt. 789', 'mpurdy@example.org'),
(145, 'Evie Von', '3998 Koepp Burgs', 'jovanny19@example.net'),
(146, 'Rosanna Corwin', '9421 Rau Highway Apt. 474', 'kkoss@example.net'),
(147, 'Retha Hudson Sr.', '87756 Estell Tunnel', 'alexander75@example.org'),
(148, 'Prof. Ressie Brakus', '0995 Watsica Mount Apt. 129', 'kiehn.myles@example.com'),
(149, 'Mrs. Sabryna Nitzsche DVM', '22067 Ankunding Port Suite 760', 'wmurazik@example.com'),
(150, 'Dawn Mann', '0202 Lucinda Green Apt. 454', 'julius82@example.net'),
(151, 'Dr. Frederic Gutkowski', '4275 Adele Freeway', 'francesco.rodriguez@example.org'),
(152, 'Kurt Walsh', '2117 Nella Cape Suite 093', 'odessa05@example.net'),
(153, 'Xavier Witting', '8170 Wiza Hollow', 'neal.johnson@example.org'),
(154, 'Jake Streich', '25234 Franco Coves Suite 822', 'reichel.jesus@example.org'),
(155, 'Zola Upton', '805 Roberts Junctions', 'christ00@example.org'),
(156, 'Bernadine Lowe III', '196 Kenneth View Apt. 945', 'tmueller@example.com'),
(157, 'Collin Farrell', '245 Lubowitz Pine Apt. 795', 'daryl.streich@example.org'),
(158, 'Aiyana Gleichner DVM', '443 Rosamond Stravenue Suite 997', 'edickens@example.net'),
(159, 'Prof. Pearl Gaylord', '598 Monty Gateway', 'luettgen.cale@example.org'),
(160, 'Ms. Christina Gorczany', '65857 Rippin Fall Suite 283', 'fausto.buckridge@example.org'),
(161, 'Prof. Alexie Douglas V', '0019 Bergstrom Court Suite 629', 'roberto.kuhn@example.com'),
(162, 'Dr. Betty Nicolas DDS', '76221 Benedict Fall', 'ssimonis@example.net'),
(163, 'Dr. Liam Hamill', '840 Joana Route Apt. 824', 'wilhelm57@example.org'),
(164, 'Miss Eva Hansen', '6045 Aliyah Spur', 'kcorwin@example.org'),
(165, 'Dr. Shemar Pfannerstill', '069 Leatha Burgs Apt. 104', 'fleta.schroeder@example.net'),
(166, 'Bernie Frami DDS', '27356 Rafaela Trace Suite 670', 'pmohr@example.com'),
(167, 'Raphaelle Leannon', '482 Garth Haven Suite 483', 'sporer.heber@example.com'),
(168, 'Miss Wilma Kozey', '58147 Crooks Walk Apt. 422', 'monahan.june@example.net'),
(169, 'Betty Wolf', '3466 Leffler Trace', 'chad70@example.net'),
(170, 'Jolie Raynor', '234 Johnson Place Apt. 352', 'jaiden.kerluke@example.net'),
(171, 'Lucinda Bergnaum', '7624 Osinski Lakes Apt. 598', 'kling.mikel@example.org'),
(172, 'Mckayla Boyer IV', '5139 Cordelia Locks Apt. 383', 'frankie93@example.com'),
(173, 'Kole Bins PhD', '106 Waelchi Island', 'nya.frami@example.com'),
(174, 'Cathy Anderson', '207 Aylin Points', 'flatley.mable@example.org'),
(175, 'Litzy Kassulke', '14050 Grimes Village Suite 271', 'myrna.hermiston@example.net'),
(176, 'Morgan Padberg', '3952 Eliane Place', 'eva.beier@example.net'),
(177, 'Emerson Gorczany', '83859 Neha Mills', 'jcremin@example.com'),
(178, 'Belle Boyer', '4516 Amie Creek', 'wnicolas@example.com'),
(179, 'Clovis Ruecker', '3466 Violet Road', 'taryn95@example.com'),
(180, 'Tito Pfeffer Sr.', '925 Kennedy Burg', 'betty00@example.com'),
(181, 'Hayley Wolff', '6789 Pfannerstill Ridge Apt. 110', 'johns.lauretta@example.com'),
(182, 'Raina Treutel', '78383 Mueller Pine Suite 293', 'oaltenwerth@example.org'),
(183, 'Dr. Dustin Bahringer I', '51240 Fritsch Ranch Suite 397', 'brakus.olga@example.org'),
(184, 'Baron Hayes', '202 O\'Connell Prairie Apt. 780', 'felicity11@example.org'),
(185, 'Prof. Bethany Greenholt', '98245 Dallas Terrace', 'kilback.adrienne@example.net'),
(186, 'Elenora Conroy', '0026 Baumbach Creek', 'cpowlowski@example.net'),
(187, 'Braulio Witting', '93467 Tony Meadow', 'catharine88@example.net'),
(188, 'Isom Effertz', '04613 Wehner Ports Suite 961', 'yolson@example.com'),
(189, 'Hillard Legros', '23654 Hirthe Street', 'witting.sheridan@example.org'),
(190, 'Ms. Kirsten Rice', '047 Reuben Forge Suite 574', 'nikolaus.delta@example.net'),
(191, 'Angelita Anderson III', '46937 Kayleigh Islands', 'ierdman@example.com'),
(192, 'Daniela Paucek', '57590 Shanahan Crest Apt. 506', 'della.o\'connell@example.org'),
(193, 'Lillian Leuschke', '136 Purdy Canyon', 'hans.brown@example.com'),
(194, 'Eulah McKenzie', '223 Hauck Grove', 'gutkowski.yesenia@example.org'),
(195, 'Zita Ankunding', '388 Rosa Parkway', 'ortiz.jeramie@example.com'),
(196, 'Prof. Makenzie Gerhold V', '646 Murray Spur', 'adrienne90@example.com'),
(197, 'Dr. Jerel Hauck Sr.', '5700 Dayne Circle', 'lottie.rippin@example.org'),
(198, 'Raegan Oberbrunner', '455 Janis Falls', 'cornelius88@example.net'),
(199, 'Marlee Homenick', '8547 Hoeger Ranch', 'ralph.ritchie@example.org'),
(200, 'Dameon Jones', '725 Susie Crossing', 'sean.jerde@example.org'),
(201, 'Savannah Medhurst', '191 Bethany Circle Suite 148', 'lebsack.hazle@example.net'),
(202, 'Mallory Effertz', '29359 Olga Squares Suite 878', 'megane.reilly@example.net'),
(203, 'Mrs. Opal Flatley DVM', '3456 Konopelski Row', 'epfannerstill@example.com'),
(204, 'Archibald Bogan', '0533 Funk Trail Suite 189', 'dorian87@example.org'),
(205, 'Cristal Mills', '4238 Wintheiser Crossroad', 'johan64@example.org'),
(206, 'Ms. Myrtie Tremblay IV', '530 Devon Rue Apt. 515', 'rhea.lubowitz@example.com'),
(207, 'Fanny Terry', '544 Frank Wells Suite 715', 'stuart99@example.com'),
(208, 'Bobby Wilkinson', '566 Wyman Mission', 'xander.mclaughlin@example.net'),
(209, 'Schuyler Marks', '0572 Rodger Plaza', 'jeffery.robel@example.net'),
(210, 'Angelita Pfannerstill PhD', '80592 Rempel Brooks Apt. 451', 'fiona48@example.net'),
(211, 'Daron Fritsch Sr.', '091 Ritchie Ridges Apt. 948', 'goyette.maximillian@example.org'),
(212, 'Jamel Collins', '3757 Senger Terrace Apt. 773', 'melany.daniel@example.org'),
(213, 'Cielo Jerde', '565 Heaney Square Suite 786', 'o\'hara.eduardo@example.com'),
(214, 'Greg Crist', '49456 Giovanna Throughway', 'bernie.luettgen@example.net'),
(215, 'Emelie Kshlerin DVM', '6973 Avery Street', 'kristina56@example.net'),
(216, 'Eloisa Macejkovic', '337 Newton Drives Apt. 495', 'maryjane96@example.net'),
(217, 'Gwen Leffler', '158 Keenan Fork Suite 053', 'mckenzie32@example.com'),
(218, 'Alberto Yost III', '413 Ward Green Suite 389', 'leon08@example.net'),
(219, 'Clinton Kerluke', '5766 Josefa Parkway Suite 410', 'ortiz.wilburn@example.com'),
(220, 'Audrey Deckow', '06835 Brisa Cape Suite 035', 'zieme.marco@example.com'),
(221, 'Myrtice Gorczany Sr.', '4949 Ruthe Vista Apt. 290', 'adriana.wilkinson@example.org'),
(222, 'Arjun Hilll', '7572 Swaniawski Lodge Suite 575', 'weimann.german@example.com'),
(223, 'Mr. Mariano Goldner', '91751 Edwin Mountains', 'emery75@example.net'),
(224, 'Ms. Dejah Adams', '810 Ladarius Spurs Apt. 257', 'emueller@example.org'),
(225, 'Elmore Kirlin', '829 Pierce Drive', 'gertrude71@example.net'),
(226, 'Eda Langosh', '3029 Meta Court', 'strosin.marisa@example.org'),
(227, 'Justus Runolfsdottir', '17832 Bridgette Inlet', 'miguel.kihn@example.org'),
(228, 'Ms. Maegan Toy', '5032 Susanna Roads', 'ernser.coty@example.org'),
(229, 'Dr. Casandra Emard', '085 Howard Way', 'lowe.anya@example.net'),
(230, 'Dr. Brody Runte', '63528 Giuseppe Springs', 'nellie48@example.net'),
(231, 'Kristoffer Kuhn', '4309 Feeney Terrace Apt. 885', 'adrien.moen@example.org'),
(232, 'Jacinto Schowalter', '729 Esther View Apt. 689', 'aiyana.stokes@example.org'),
(233, 'Mr. Lonnie Parisian III', '1974 Heather Fort', 'isabel40@example.com'),
(234, 'Lera Koelpin', '345 Brad Mall', 'marks.lorena@example.com'),
(235, 'Mr. Taylor Smith DVM', '717 Gleason Forge Apt. 138', 'conn.phoebe@example.net'),
(236, 'Raymond Hermann', '0990 Rae Well Apt. 864', 'rigoberto69@example.net'),
(237, 'Jerrod Conn', '2478 O\'Reilly Plain', 'dyost@example.com'),
(238, 'Terence Rohan', '296 Shad Street Apt. 762', 'jacobson.fleta@example.net'),
(239, 'Ramiro Becker', '391 Jean Island', 'perry.gibson@example.net'),
(240, 'Kurt Padberg', '4746 Kris Crest', 'frieda.reynolds@example.net'),
(241, 'Clemmie Conn', '2523 Alicia Wells Apt. 420', 'emma.block@example.com'),
(242, 'Miss Abigayle Yost', '591 Rosenbaum Parks', 'herzog.kira@example.net'),
(243, 'Madalyn Jerde Jr.', '147 Alessandra Mills Suite 366', 'sabernathy@example.net'),
(244, 'Lacy McLaughlin', '779 Arianna Junctions Apt. 755', 'eleanore.leannon@example.org'),
(245, 'Cassie Langworth', '008 Wellington Ways', 'olson.johann@example.net'),
(246, 'Prof. Harmon Brown', '136 Nicholas Springs', 'albina.schinner@example.org'),
(247, 'Ms. Hope Cassin PhD', '02359 Leffler Dam Apt. 016', 'koby.ferry@example.net'),
(248, 'Kailee Moen', '79598 Daniel Locks', 'berge.ara@example.com'),
(249, 'Tanya Stoltenberg', '880 Jast Motorway', 'carlotta61@example.org'),
(250, 'Skye Gutmann', '79582 Wisoky River', 'keanu.reichel@example.com'),
(251, 'Arely Greenholt DDS', '8025 Herman Creek Apt. 179', 'jamison42@example.org'),
(252, 'Kenyon Jacobson', '43938 Paula Pine Apt. 459', 'tspinka@example.net'),
(253, 'Dallas Hyatt', '860 Reynolds Road', 'kayden72@example.com'),
(254, 'Jaiden Stiedemann DDS', '75202 Terrill Pines Apt. 988', 'guy07@example.org'),
(255, 'Ms. Shea Schmidt', '38225 Weimann Oval Apt. 764', 'vita.mitchell@example.org'),
(256, 'Dr. Bobbie Schimmel', '33165 Rebeca Lock', 'janis.cole@example.org'),
(257, 'Bailee Pouros', '7843 Bednar Summit', 'gislason.vida@example.net'),
(258, 'Mrs. Zoey Douglas', '5481 Eulalia Forge', 'kerluke.ward@example.net'),
(259, 'Jarrett Kilback', '4021 Prohaska Viaduct Suite 090', 'harrison02@example.com'),
(260, 'Miss Matilde Shanahan', '660 Collin Mount', 'edward.zulauf@example.com'),
(261, 'Zoe Bailey', '5311 Grimes Court Apt. 703', 'gerhold.lorna@example.org'),
(262, 'Francesco Rempel Jr.', '4299 Kiehn Camp', 'wintheiser.jarrod@example.com'),
(263, 'Prof. Cyrus Bashirian Sr.', '775 Walker Summit', 'elvis97@example.com'),
(264, 'Retha Luettgen', '25437 Baumbach Ferry', 'zconn@example.com'),
(265, 'Mrs. Caterina Schmidt', '9728 Lebsack Ports Apt. 970', 'kirlin.marianna@example.org'),
(266, 'Jovanny Waters III', '72904 Alexanne Landing', 'harvey.belle@example.com'),
(267, 'Dr. Gussie Schneider', '49885 Von Ways Apt. 555', 'rbins@example.com'),
(268, 'Amanda Smith I', '082 Wyman Meadow', 'tate52@example.net'),
(269, 'Nathaniel Shields', '24060 Martine Expressway Apt. 031', 'fcartwright@example.com'),
(270, 'Louie Gulgowski', '45935 Hoppe Street', 'monahan.orrin@example.com'),
(271, 'Miracle Bednar', '3886 Brock Shoals', 'mgorczany@example.org'),
(272, 'Alexanne Reilly', '634 Lesch Green Suite 495', 'ansel06@example.net'),
(273, 'Shanny Windler', '0505 Abigail Orchard', 'paucek.alia@example.com'),
(274, 'Earline Beier', '268 Harvey Neck Apt. 943', 'barton.bernice@example.net'),
(275, 'Martin Williamson', '133 Quinten Island Apt. 146', 'heidenreich.sabryna@example.net'),
(276, 'Keon Raynor', '86511 Jacobs Ville Apt. 728', 'maryam.bauch@example.net'),
(277, 'Prof. Rodger Tremblay MD', '36105 Orn Ridges', 'ukoelpin@example.net'),
(278, 'Miss Lavinia Kuvalis III', '566 Harmon Extension Suite 832', 'torn@example.org'),
(279, 'Thora Carter', '694 Kayla Isle', 'kathleen.hills@example.net'),
(280, 'Elza D\'Amore', '98671 Pearline Ports', 'usmitham@example.net'),
(281, 'Savion Kuvalis', '493 Rosetta Garden', 'maximus.padberg@example.com'),
(282, 'Dameon Hammes', '808 Abbott Junctions', 'mcclure.ivy@example.com'),
(283, 'Collin Kerluke', '09752 Robin Glen', 'chaim.block@example.com'),
(284, 'Prof. Mazie Runolfsdottir III', '337 Windler Well Suite 356', 'lcummerata@example.net'),
(285, 'Mr. Imani Jones', '1337 Littel Hill Apt. 585', 'grayce20@example.com'),
(286, 'Mr. Claud Reynolds', '310 Walter Ford Apt. 907', 'renner.concepcion@example.com'),
(287, 'Dr. London Fritsch', '68228 Nova Center Apt. 911', 'mohamed54@example.org'),
(288, 'Fredy Walter', '22783 Reilly River Suite 321', 'jeff.feeney@example.net'),
(289, 'Prof. Cleve Keebler', '9205 Jettie Roads Suite 006', 'barrows.antonina@example.org'),
(290, 'Wendell Wunsch', '9990 Efrain Street Apt. 177', 'strosin.laurie@example.org'),
(291, 'Mr. Jairo Keebler I', '8914 Willard Square Suite 836', 'bryon30@example.org'),
(292, 'Nasir Leffler', '955 Pagac Trail Apt. 166', 'hyatt.queen@example.net'),
(293, 'Haleigh Wiza', '090 Minnie Dale', 'akeem48@example.com'),
(294, 'Lina Grimes', '741 Thaddeus Keys Suite 473', 'araceli84@example.com'),
(295, 'Anastasia Bartoletti', '3698 Jimmy Springs', 'conrad14@example.net'),
(296, 'Miss Corrine Schinner', '460 Berneice Alley', 'olga.renner@example.com'),
(297, 'Miss Joannie Haley', '2514 Fidel Valleys', 'fritsch.alison@example.org'),
(298, 'Beverly Abshire', '9329 Elmer Alley', 'gislason.karley@example.net'),
(299, 'Ms. Carli Rogahn V', '5887 Berenice Loaf Suite 681', 'srunte@example.org'),
(300, 'Kiara Champlin', '420 Chanel Spring Suite 145', 'rippin.brycen@example.com'),
(301, 'Prof. Clementine Luettgen', '92381 Luettgen Ports Suite 158', 'antonette29@example.com'),
(302, 'Zita Torp', '3071 Nigel Mountain', 'amurphy@example.com'),
(303, 'Newell Rau', '042 Carmel Pike', 'mhaag@example.com'),
(304, 'Leda Ondricka DDS', '568 Wayne Plaza', 'welch.noe@example.net'),
(305, 'Cordell Medhurst DVM', '10779 Ted Roads Apt. 521', 'jones.darryl@example.net'),
(306, 'Alyson Schoen', '22225 Rice Lodge', 'marcia07@example.net'),
(307, 'Dr. Claud Littel III', '3933 Carlee Stravenue', 'hazle.collier@example.net'),
(308, 'Lowell O\'Hara', '590 Kaitlyn Shoal', 'hbayer@example.com'),
(309, 'Peyton Schumm IV', '5244 Alberto Ferry Apt. 189', 'nayeli.purdy@example.org'),
(310, 'Lavina Runolfsdottir', '5026 Jules Bypass Suite 034', 'enid05@example.org'),
(311, 'Mr. Riley Pagac', '41135 Keaton Port Apt. 143', 'shawn.hyatt@example.com'),
(312, 'Miss Brenna Jakubowski PhD', '320 Strosin Alley', 'luigi.mckenzie@example.org'),
(313, 'Ms. Agustina Botsford', '8782 Gutkowski Freeway', 'armando47@example.org'),
(314, 'Asia Smitham', '5074 Adams Fords Suite 622', 'eryn34@example.net'),
(315, 'Violet McCullough PhD', '7262 Waino Flats', 'benedict.becker@example.org'),
(316, 'Brittany Hammes V', '386 Jonas Estates Apt. 826', 'tracey.romaguera@example.com'),
(317, 'Dr. Randy Batz V', '75668 Henriette Station Apt. 252', 'serena.conn@example.net'),
(318, 'Dr. Ida Considine', '8303 Emmett Mission', 'gdeckow@example.com'),
(319, 'Kenya McGlynn', '1844 Hartmann Flat Suite 301', 'laurence.swift@example.org'),
(320, 'Orin Bayer', '1553 Legros River', 'wrunolfsson@example.com'),
(321, 'Barbara King', '594 Blanda Fort Suite 467', 'weldon.gleason@example.net'),
(322, 'Lonzo Effertz', '242 Wyman Avenue', 'conner.homenick@example.com'),
(323, 'Jairo Hoppe', '3906 Ullrich Pines Suite 026', 'msawayn@example.org'),
(324, 'Eryn Lowe II', '557 Elisabeth Streets', 'maureen.beier@example.org'),
(325, 'Tessie Jones', '5438 Gleichner Oval', 'shawn.mills@example.net'),
(326, 'Zion Durgan DVM', '76236 Michelle Forges Suite 025', 'borer.angelina@example.com'),
(327, 'Lukas Brekke', '9233 Alvah Neck Suite 257', 'rempel.neil@example.net'),
(328, 'Darren Thompson', '309 Madilyn Ferry', 'chloe.reichel@example.org'),
(329, 'Gabriel Schaefer', '410 McGlynn Views', 'bradly.reichert@example.org'),
(330, 'Marilyne Marvin', '3704 Gusikowski Landing Apt. 228', 'botsford.idella@example.org'),
(331, 'Dr. Dorris Mitchell DVM', '49470 Eric Course Suite 851', 'carli.schaden@example.com'),
(332, 'Ana Harvey', '54409 Mraz Passage Apt. 008', 'hodkiewicz.donny@example.net'),
(333, 'Joshua Morissette Jr.', '045 Buckridge Crossing Apt. 601', 'rowena26@example.org'),
(334, 'Lorna Schmeler', '1253 Margie Dale', 'acarroll@example.org'),
(335, 'Jaunita King IV', '489 Runolfsson Forks', 'vcremin@example.org'),
(336, 'Camryn Kohler', '5258 Bogan Forks Apt. 063', 'cortez.bahringer@example.com'),
(337, 'Duncan Harris II', '750 Parker Forks Suite 987', 'savanah83@example.net'),
(338, 'Nolan Schulist', '7920 Carter Inlet', 'daron.crona@example.net'),
(339, 'Antwan Wintheiser', '624 Abernathy Lane', 'armstrong.zola@example.com'),
(340, 'Jadyn Glover III', '070 Tatum Garden', 'pfannerstill.willow@example.net'),
(341, 'Claudie Mertz', '800 Williamson Rest', 'emmy68@example.com'),
(342, 'Cloyd Wolf', '5064 Monserrate Extension Apt. 337', 'braun.alexandrea@example.com'),
(343, 'Filiberto Ankunding', '969 Collins Street Apt. 116', 'lilliana95@example.net'),
(344, 'Mylene Spinka', '378 Einar Expressway', 'carlee27@example.com'),
(345, 'Aglae Wyman I', '7382 Hickle Estate', 'kamren.ondricka@example.com'),
(346, 'Reina Kunde', '659 Sydnie Fords', 'ophelia33@example.com'),
(347, 'Justen Turcotte', '6813 Collins Views', 'jayce.jacobi@example.net'),
(348, 'Mrs. Golda Mueller II', '5361 Berneice Well Apt. 395', 'bessie10@example.com'),
(349, 'Carlotta Hayes DVM', '4622 Quitzon Brook', 'hodkiewicz.kathlyn@example.com'),
(350, 'Mrs. Madeline Jacobs', '43125 Oliver Glens', 'tania.konopelski@example.com'),
(351, 'Marie Hodkiewicz', '89027 Noemie River Suite 056', 'bins.kelly@example.net'),
(352, 'Mrs. Aimee Blick', '518 Larry Run Suite 145', 'barrows.pattie@example.net'),
(353, 'Leonardo Beier MD', '13845 Crooks Radial', 'rippin.dan@example.org'),
(354, 'Miss Sabryna Berge II', '12962 Jevon Drive Suite 213', 'rkeeling@example.org'),
(355, 'Mr. Llewellyn Nikolaus', '741 David Street', 'thompson.lucio@example.org'),
(356, 'Prof. Manley Schinner II', '8516 Feeney Road Suite 244', 'nlubowitz@example.com'),
(357, 'Amir Franecki', '0727 Barney Court', 'dreichert@example.net'),
(358, 'Johnson Wisoky', '86156 Omer Pike Apt. 572', 'kiara20@example.com'),
(359, 'Miss Jacklyn Streich Sr.', '1411 Lindgren Garden Apt. 760', 'millie18@example.org'),
(360, 'Beau Koch PhD', '390 Maggio Views', 'golda.lockman@example.com'),
(361, 'Dr. Raina Sauer', '7562 Deontae Field', 'marilyne.wiza@example.org'),
(362, 'Tracy Reichel', '4741 Wiegand Circles Suite 452', 'peter62@example.com'),
(363, 'Madisen Mohr', '9563 Senger Orchard', 'spinka.kennedi@example.net'),
(364, 'Rae Ruecker', '3382 Brant Trafficway', 'utremblay@example.net'),
(365, 'Jayda Turner PhD', '1797 Murray Mountain', 'vicente.shields@example.org'),
(366, 'Selmer Abshire DDS', '4896 Pearline Shore', 'kody54@example.org'),
(367, 'Stewart Price', '20123 Tremblay Extension', 'tcronin@example.com'),
(368, 'Caleigh McClure', '63352 Hettinger Squares', 'rvon@example.net'),
(369, 'Ariane Collins', '5733 Effertz Place Suite 642', 'dhane@example.org'),
(370, 'Jalyn Mayer', '564 Winona Gateway Suite 230', 'haylee.kling@example.com'),
(371, 'Dr. Constantin Boyer I', '3385 Armstrong Ranch', 'schmitt.maxime@example.com'),
(372, 'Dr. Franco Beatty IV', '17549 Hamill Extensions Apt. 982', 'beaulah.torp@example.org'),
(373, 'Mario Cruickshank', '7980 Dana Keys Apt. 171', 'camylle32@example.net'),
(374, 'Geovanny Pouros Sr.', '924 Labadie Gateway', 'feeney.jameson@example.org'),
(375, 'Hipolito Abshire', '596 Cole Cape', 'purdy.caitlyn@example.net'),
(376, 'Clifton Kreiger', '331 Ziemann Trail Apt. 981', 'laury.haag@example.com'),
(377, 'Anabelle Mayer', '12225 Bogan Fort', 'bulah50@example.net'),
(378, 'Prof. Karianne Cronin DDS', '55660 Sophie Place Apt. 873', 'kaci.goodwin@example.net'),
(379, 'Macey Rowe', '191 Zander Mall', 'jocelyn.mitchell@example.com'),
(380, 'Nicole Koss', '4528 Liza Lights', 'enid.reynolds@example.com'),
(381, 'Mason Hagenes', '9984 Madelyn Fork Apt. 245', 'rice.keven@example.net'),
(382, 'Alexandrine Stark I', '5412 Erna Flats Suite 847', 'ukris@example.net'),
(383, 'Prof. Marquise Cole', '5622 Rosenbaum Rue Suite 343', 'vbahringer@example.org'),
(384, 'Laurine Champlin', '101 Windler Heights', 'rippin.frank@example.org'),
(385, 'Mac McKenzie', '24976 Cielo Estates Apt. 944', 'cruickshank.colten@example.org'),
(386, 'Mr. Hilton Brown', '1306 Raynor Green Apt. 590', 'citlalli.emmerich@example.net'),
(387, 'Jerel Thompson', '211 Kohler Estates Suite 831', 'daisy.rosenbaum@example.com'),
(388, 'Bud Morar', '17635 Fritz Prairie', 'nbarrows@example.org'),
(389, 'Dr. Jeromy Beier', '30560 Chanelle Pass Suite 837', 'xmclaughlin@example.net'),
(390, 'Coralie Collier MD', '0189 Elisabeth Path Suite 131', 'erolfson@example.com'),
(391, 'Mac Rutherford', '0270 Mireille Shoal', 'wilber91@example.org'),
(392, 'Chloe Quitzon DDS', '79153 Rodrick Plaza', 'karianne.jacobson@example.org'),
(393, 'Dr. Elton Bauch II', '441 Mateo Drive Suite 869', 'beulah.littel@example.net'),
(394, 'Kirsten Green', '206 Beryl Road', 'kobe.champlin@example.net'),
(395, 'Sydney Connelly', '039 Buckridge Turnpike', 'gregory73@example.com'),
(396, 'Joaquin Dickens', '8935 Elyse Vista Suite 916', 'lilly.miller@example.org'),
(397, 'Cynthia Grant', '764 Johnston River Suite 026', 'gertrude.prosacco@example.com'),
(398, 'Lucie Botsford', '10444 Tromp Corners Suite 723', 'vconnelly@example.org'),
(399, 'Prof. Dejon Leuschke II', '073 Schaefer Via', 'mabelle11@example.com'),
(400, 'Vergie Leannon Jr.', '90375 Hettinger Island Apt. 771', 'zsipes@example.net'),
(401, 'Prof. Angeline Johnson', '40053 Keira Stravenue Suite 769', 'collier.wilma@example.org'),
(402, 'Myrl Friesen', '06859 Moses Pike', 'korbin70@example.com'),
(403, 'Wilber Brekke Sr.', '598 Aliyah Expressway Suite 833', 'demetris74@example.org'),
(404, 'Haskell Kub', '01403 Geovanny Mission', 'xjacobson@example.com'),
(405, 'Ms. Heidi Mann', '6348 Isaiah Fords Suite 785', 'ddonnelly@example.com'),
(406, 'Mr. Santa Stokes II', '8091 Evie Haven Suite 353', 'marjory.dickens@example.org'),
(407, 'Dayne Kunde', '15184 Jammie Bypass', 'evandervort@example.net'),
(408, 'Lucio Morissette DDS', '00131 O\'Reilly Expressway', 'tess.hammes@example.org'),
(409, 'Mrs. Virginie Reynolds', '055 Ebert Streets Suite 928', 'bret.monahan@example.com'),
(410, 'Florida Quitzon', '707 Marge Field', 'alene.pollich@example.com'),
(411, 'Alexis Keebler Sr.', '50127 Russel Junction', 'rusty08@example.org'),
(412, 'Adriana Kiehn', '0769 Destini Highway Apt. 039', 'lubowitz.ottis@example.com'),
(413, 'Elisha Kunze', '10151 Beahan Village Suite 289', 'wkohler@example.net'),
(414, 'Ewald Shanahan', '11567 Albin Stream', 'umedhurst@example.com'),
(415, 'Rick O\'Keefe', '758 Stoltenberg Center Apt. 757', 'miller.eliane@example.net'),
(416, 'Lia Kuhic', '040 Kianna Grove Suite 523', 'rhett05@example.net'),
(417, 'Bridgette Feil', '187 Manley Views Suite 075', 'thad82@example.com'),
(418, 'Lucious Considine', '579 Lindgren Trail', 'dorthy07@example.org'),
(419, 'Dr. Newell Leffler MD', '91704 Bernier Tunnel Apt. 366', 'pmcglynn@example.com'),
(420, 'Dr. Jeremy Dooley V', '629 Efrain Centers', 'fritsch.ted@example.com'),
(421, 'Mrs. Sister Bosco II', '52094 Schamberger Neck Apt. 317', 'rachael85@example.net'),
(422, 'Bernice Kirlin', '078 Jerod Underpass', 'antonietta.blick@example.org'),
(423, 'Ottilie Swaniawski Sr.', '933 Buckridge Walk Apt. 342', 'smith.joanie@example.com'),
(424, 'Dr. Dimitri Kemmer', '7333 Erich Pass', 'gulgowski.israel@example.com'),
(425, 'Toy Jacobs', '3874 Lueilwitz Fork', 'nella72@example.org'),
(426, 'Dusty Bode', '81800 Roberts Spurs', 'bartoletti.otho@example.org'),
(427, 'Zane Kirlin', '06385 Welch Station', 'yschmidt@example.net'),
(428, 'Destinee Weimann', '896 Immanuel Overpass', 'fay.ana@example.org'),
(429, 'Mrs. Rebekah Hudson Jr.', '73440 Bruce Summit Suite 658', 'lhintz@example.com'),
(430, 'Kristy Paucek', '8681 Rhett Summit', 'uwyman@example.com'),
(431, 'Sheila Gislason III', '75051 Rice Fork', 'felipa.herman@example.com'),
(432, 'Prof. Pete Botsford', '6260 Gleichner Plain Suite 688', 'daugherty.pearlie@example.com'),
(433, 'Elva Towne', '748 Rosenbaum Station Apt. 915', 'kurtis55@example.net'),
(434, 'Dr. Kraig Hermiston', '60845 Brian Lights Apt. 612', 'lakin.elfrieda@example.com'),
(435, 'Dr. Esteban Terry Sr.', '348 Dooley Ridge Suite 857', 'hhuels@example.com'),
(436, 'Prof. Felicity Ankunding', '90689 Hegmann Circles Apt. 172', 'johanna.hettinger@example.org'),
(437, 'Miss Charlotte Gleason MD', '9737 Christelle Ferry Apt. 927', 'sauer.jacynthe@example.com'),
(438, 'Libby McCullough', '4746 Alvah Island Apt. 459', 'dexter.ankunding@example.org'),
(439, 'Geovany Bernier', '3748 Jana Expressway', 'scorkery@example.com'),
(440, 'Prof. Kennedi Hickle', '06188 Cielo Manor', 'julian.durgan@example.com'),
(441, 'Ms. Lisa Blick', '741 Hartmann Trace Suite 072', 'wwuckert@example.net'),
(442, 'Ozella O\'Connell', '136 Toby Creek', 'mitchell.eino@example.net'),
(443, 'Mabelle O\'Kon', '3085 Josefina Ridges Apt. 636', 'elouise.olson@example.org'),
(444, 'Yazmin Hirthe', '6217 Ludwig Gateway', 'yessenia.paucek@example.net'),
(445, 'Taurean Wilkinson', '19405 Providenci Mountain', 'ana58@example.net'),
(446, 'Dr. Freda Gislason V', '8116 Tomas Lock Suite 671', 'roberto.howell@example.net'),
(447, 'Dr. Mossie Towne V', '91121 McKenzie Meadows Apt. 767', 'kirstin42@example.com'),
(448, 'Mrs. Brisa Konopelski V', '50491 Abelardo Squares Suite 137', 'raynor.maybelle@example.org'),
(449, 'Ellie Stroman', '42519 Dovie Turnpike Suite 622', 'rau.weldon@example.net'),
(450, 'Andreanne Gaylord', '20165 Kennedy Radial Apt. 867', 'madge71@example.org'),
(451, 'Mrs. Iva Keeling', '3270 Francesca Oval', 'demarcus.kassulke@example.net'),
(452, 'Cassidy Fay', '57046 Beatty Streets Apt. 613', 'cruickshank.michelle@example.com'),
(453, 'Dr. Jenifer Mayer Jr.', '3631 Schoen Corner Apt. 319', 'glover.barrett@example.com'),
(454, 'Natalie Connelly', '472 VonRueden Plain', 'russel.tyreek@example.org'),
(455, 'Laury Rippin', '51465 Ruby Overpass', 'ustanton@example.net'),
(456, 'Prof. Xavier Pollich', '044 Ruben Pike Apt. 906', 'gutkowski.rocky@example.org'),
(457, 'Eveline Dach Sr.', '56823 Shaun Ramp Apt. 290', 'windler.isobel@example.com'),
(458, 'Sherwood Cummings', '62666 Effertz Brook', 'qbauch@example.net'),
(459, 'Furman Walter', '41385 Moriah Path', 'effie23@example.net'),
(460, 'Susie Zieme', '11943 Hilpert Summit Apt. 662', 'mccullough.june@example.com'),
(461, 'Randall Kiehn', '33327 Erwin Roads Suite 872', 'garland44@example.org'),
(462, 'Ally Koelpin', '130 Beryl Mountain', 'mclaughlin.beverly@example.org'),
(463, 'Franco Daniel', '00348 Jones Curve Suite 153', 'casper.valerie@example.net'),
(464, 'Jamison Reilly', '541 Jaida Parks Apt. 171', 'eugenia.stanton@example.net'),
(465, 'Dejah Stokes MD', '2110 Littel Isle Suite 697', 'justice.considine@example.net'),
(466, 'Kory Smitham', '244 Favian Stravenue Suite 696', 'vita.gaylord@example.net'),
(467, 'Ms. Hildegard Cronin PhD', '191 Dach Run', 'mckayla59@example.com'),
(468, 'Ms. Isabelle Wuckert III', '103 O\'Connell Points', 'miller.colby@example.org'),
(469, 'Adell Mohr PhD', '78173 Aniyah Courts', 'collier.marvin@example.com'),
(470, 'Otilia Conn', '290 Adolph Mall Apt. 403', 'oziemann@example.org'),
(471, 'Prof. Georgianna Bayer', '2793 Gabe Crest Apt. 232', 'fabian.west@example.com'),
(472, 'Herta Gutmann', '938 Rudy Extension', 'karlee45@example.net'),
(473, 'Adelbert Lubowitz', '51428 O\'Hara Throughway', 'amina97@example.com'),
(474, 'Trudie Murazik', '18751 Minnie Mews Apt. 871', 'hermiston.cecelia@example.net'),
(475, 'Brock Wilkinson', '49414 Derek Extensions Apt. 069', 'hickle.nova@example.net'),
(476, 'Arnoldo Sporer', '26888 Antone Cove Suite 973', 'gail.o\'kon@example.net'),
(477, 'Tito Carter', '91905 Curtis Stravenue', 'asatterfield@example.com'),
(478, 'Dr. Rico Auer', '43257 Oberbrunner Junction', 'mcdermott.carroll@example.org'),
(479, 'Miss Cierra Bruen IV', '94700 Schiller Creek', 'jschiller@example.com'),
(480, 'Mattie Parker V', '997 Caleigh Stream Apt. 374', 'aschultz@example.com'),
(481, 'Norwood Leuschke V', '761 Brooks Spur Apt. 293', 'grant.kari@example.com'),
(482, 'Janessa Reichert', '7743 DuBuque Valleys', 'yoshiko.bernier@example.com'),
(483, 'Hailey Mayer', '83169 McKenzie Square Apt. 221', 'mona70@example.net'),
(484, 'Demond Osinski', '9596 Hailey Wall Suite 976', 'aaliyah60@example.org'),
(485, 'Serena Reilly', '48302 Leta Common Suite 603', 'mcdermott.kaylie@example.com'),
(486, 'Mrs. Mina Trantow II', '39214 Klocko Ways Suite 999', 'vincenza.parisian@example.net'),
(487, 'Viva Hand', '29895 Windler Club', 'anissa.mcdermott@example.com'),
(488, 'Laney Lang DVM', '77004 Name Landing', 'stracke.manuela@example.org'),
(489, 'Evangeline Johns', '746 Gilbert Circle Apt. 381', 'ufahey@example.net'),
(490, 'Pansy Koelpin V', '40404 Macy Locks', 'dariana37@example.net'),
(491, 'Jaron Reilly', '4304 Kihn Estates', 'klein.carmela@example.com'),
(492, 'Guido Pouros', '7927 Jamel Cape Apt. 623', 'wbrekke@example.org'),
(493, 'Furman Schoen', '40456 Altenwerth Avenue Suite 378', 'carol94@example.com'),
(494, 'Dr. Nicholaus Schoen V', '8677 Halvorson Walk Apt. 990', 'o\'kon.freda@example.org'),
(495, 'Delta Volkman', '418 Eleazar Parkway Suite 639', 'gisselle.walker@example.com'),
(496, 'Prof. Delaney Schinner I', '399 Dorthy Mountains', 'treutel.daija@example.com'),
(497, 'Erling Nicolas', '21128 Reyes Orchard', 'zfeil@example.org'),
(498, 'Francis Steuber III', '6833 Ebba Course Apt. 323', 'weissnat.providenci@example.net'),
(499, 'Theresa Walsh', '094 Larson Tunnel', 'mariano06@example.net'),
(500, 'Luis Bartell', '3296 Chelsea Stream Suite 814', 'arch34@example.org'),
(501, 'Mr. Anderson Rolfson V', '3141 Garnet Loaf', 'elise.senger@example.org'),
(502, 'Jazmyn Haag', '72487 Clare Inlet Apt. 220', 'verla.carter@example.com'),
(503, 'Thora Grimes', '0070 Emard Squares Apt. 850', 'fhermiston@example.org'),
(504, 'Myrtice Erdman', '09822 Lavinia Summit', 'vivienne.bahringer@example.org'),
(505, 'Olga Bayer PhD', '889 Feest Path', 'bradtke.dewayne@example.com'),
(506, 'Genesis Trantow', '73495 Gibson Shoals Apt. 923', 'quigley.letitia@example.net'),
(507, 'Cameron Littel', '1062 Daniela Springs Suite 660', 'laverna28@example.net'),
(508, 'Jarred Wintheiser', '2654 Kaela Court', 'schulist.shawna@example.net'),
(509, 'Myrl Green PhD', '5646 Bailey Trace', 'solon.sipes@example.org'),
(510, 'Chester Ferry', '2703 Ziemann Passage', 'dorthy.sporer@example.com'),
(511, 'Nicolette Kessler', '91464 Braun Pass', 'lucienne.cole@example.com'),
(512, 'Keyshawn Emmerich I', '62086 Vandervort Squares', 'grant.forrest@example.org'),
(513, 'Dr. Piper Sauer', '9960 Dickens Gateway Apt. 865', 'bill.littel@example.net'),
(514, 'Penelope Runolfsson', '5157 Armstrong Lodge', 'pfeffer.florencio@example.net'),
(515, 'Dallas Balistreri', '775 Edwina Groves', 'jewell.simonis@example.com'),
(516, 'Walker Runolfsson', '15663 Heathcote Knoll Suite 202', 'fidel70@example.com'),
(517, 'Jettie Abernathy', '89152 Sawayn Spring Suite 038', 'macie28@example.com'),
(518, 'Dr. Otto Schowalter PhD', '3515 Dach Streets Suite 444', 'skertzmann@example.com'),
(519, 'Dr. Tyreek Collins PhD', '43112 Labadie Groves', 'jraynor@example.com'),
(520, 'Miss Rosalee Orn Jr.', '848 Gibson Path', 'dayana.bednar@example.com'),
(521, 'Cara Lehner Sr.', '73207 Ryan Harbors', 'wisozk.may@example.org'),
(522, 'Alisha Yost DVM', '41003 Rick Extensions', 'orin39@example.net'),
(523, 'Miss Lottie Wolf', '784 Maximillia Freeway Suite 974', 'hwaters@example.net'),
(524, 'Prof. Retta Ernser', '414 Lemke Burgs Suite 031', 'mayra.powlowski@example.org'),
(525, 'Jessica Runte', '9346 Cooper Field Apt. 731', 'easter.mitchell@example.com'),
(526, 'Paul Lowe', '9078 Luz Forest', 'ckunde@example.com'),
(527, 'Cassandre Lemke', '4268 Satterfield Greens', 'lernser@example.org'),
(528, 'Miss Fabiola Boyer PhD', '0501 Zoie Estate', 'idell26@example.org'),
(529, 'Francisca Cormier', '36090 Santino Plaza', 'gwendolyn58@example.net'),
(530, 'Narciso Stehr', '3138 Kennedi Mount', 'lucy64@example.net'),
(531, 'Arely Renner', '44503 Philip Shoal Suite 935', 'pearlie.romaguera@example.com'),
(532, 'Derick Kunze', '970 Harris Cliff Apt. 427', 'ukunde@example.com'),
(533, 'Kieran Kohler Jr.', '4022 Shields Gateway Apt. 798', 'lawson.crooks@example.org'),
(534, 'Mrs. Oma Ebert MD', '470 Gaylord Parkway Suite 860', 'murazik.joaquin@example.org'),
(535, 'Dr. Emie Gaylord II', '440 Lehner Unions Suite 369', 'adriel66@example.com'),
(536, 'Prof. Yasmin Schuster', '648 Ayla Underpass', 'dena27@example.com'),
(537, 'Dane Deckow II', '92533 O\'Reilly Turnpike Apt. 391', 'rae86@example.com'),
(538, 'Miss Jackeline Bosco PhD', '344 Parisian Inlet Apt. 389', 'raphaelle.dubuque@example.com'),
(539, 'Gardner Paucek PhD', '965 Feest Skyway Apt. 428', 'iblock@example.com'),
(540, 'Dovie Emmerich V', '32047 Gutkowski Turnpike', 'hilpert.maya@example.org'),
(541, 'Weston Corwin', '5577 Abigale Cove', 'jonathan03@example.net'),
(542, 'Mr. Edwardo Balistreri', '586 Schmeler Ways', 'lamar31@example.org'),
(543, 'Eliane Deckow', '29818 Wuckert Walks Suite 459', 'kurtis.ward@example.net'),
(544, 'Maiya Lueilwitz III', '703 Hills Ridges Suite 136', 'margarita.olson@example.org'),
(545, 'Kelvin Heaney', '2568 Llewellyn Points Suite 935', 'wwaelchi@example.net'),
(546, 'Einar Luettgen II', '3820 Cole Shores Suite 944', 'shirley29@example.net'),
(547, 'Adaline Bartell', '7331 Marcos Fall', 'o\'hara.andrew@example.com'),
(548, 'Dina Dietrich', '284 Triston Shore Suite 984', 'howard29@example.net'),
(549, 'Janis Marquardt DVM', '308 Jermaine Valleys', 'rosenbaum.mariane@example.org'),
(550, 'Janice Stark', '464 Hester Place Apt. 620', 'nadia19@example.org'),
(551, 'Dana Hilll III', '729 Hand Spur Suite 808', 'jordon.batz@example.net'),
(552, 'Nya Lehner', '4952 Anderson Fork', 'gay.farrell@example.org'),
(553, 'Kory Deckow', '0257 Pascale Canyon Apt. 213', 'yschneider@example.com'),
(554, 'Percy Schimmel', '1918 Louisa Ridge', 'douglas.quinn@example.com'),
(555, 'Kiel Wilderman', '3503 Kuvalis Forks', 'ebartell@example.net'),
(556, 'King Veum', '3603 Daniella Ports Apt. 591', 'silas56@example.org'),
(557, 'Yessenia Zieme', '2374 Feest Highway Suite 752', 'cristopher43@example.org'),
(558, 'Reta Borer', '938 Quigley Corners', 'langosh.rowland@example.com'),
(559, 'Ebba Abernathy', '47256 Harber Prairie', 'owehner@example.org'),
(560, 'Stephany Sanford', '91821 Olson Point', 'gaylord.darrel@example.com'),
(561, 'Lora Mitchell', '9795 Hagenes Estates', 'durward.mueller@example.org'),
(562, 'Florence Hickle Sr.', '13381 Jacquelyn Stravenue Apt. 862', 'sbashirian@example.com'),
(563, 'Prof. Verda Considine', '943 Asa Underpass Apt. 614', 'willms.wade@example.net'),
(564, 'Leonora Cole', '86435 Gracie Estate Suite 326', 'wsenger@example.net'),
(565, 'Enrique Bins', '63139 Clovis Pines Apt. 432', 'hertha63@example.org'),
(566, 'Ms. Pascale Will II', '2785 Serena Terrace', 'bennett56@example.net'),
(567, 'Alexys Feeney', '460 Hamill Mountain', 'jeremie47@example.com'),
(568, 'Christian Schneider', '867 Delilah Gardens Suite 242', 'marvin.linda@example.net'),
(569, 'Zakary Cruickshank', '801 Moore Lake Apt. 527', 'horacio96@example.net'),
(570, 'Micheal Parisian', '008 Jacey Point Suite 983', 'gilberto.ratke@example.net'),
(571, 'Garry Bednar MD', '59795 Corkery Crest', 'kailey.feil@example.net'),
(572, 'Helena Kuvalis', '871 Stehr Harbor', 'micaela.heller@example.org'),
(573, 'Joana Keeling', '36323 Maybelle Vista Apt. 094', 'ernser.elsie@example.com'),
(574, 'Mr. Angus Schowalter', '83710 Kub Extensions', 'jay.carroll@example.net'),
(575, 'Ceasar Douglas DVM', '824 Nathen Heights Suite 180', 'loma87@example.com'),
(576, 'Carol Nader', '3150 Eriberto Via', 'xadams@example.com'),
(577, 'Ms. Amber Runolfsdottir', '68051 Bo Loop Apt. 317', 'schimmel.angelita@example.org'),
(578, 'Chaz Stanton', '5519 Thaddeus Throughway', 'devante53@example.com'),
(579, 'Prof. Etha Stanton', '485 Nicolas Cliff', 'donnie.lakin@example.net'),
(580, 'Dr. Lily Bosco MD', '3963 Wunsch Heights Apt. 227', 'lindgren.valentine@example.com'),
(581, 'Mr. Colt Ruecker', '11916 Goodwin Plaza Apt. 872', 'jacobs.jailyn@example.org'),
(582, 'Dr. Madge Beier Sr.', '527 Luettgen Radial Apt. 628', 'cassie64@example.net'),
(583, 'Mr. Tito Cartwright', '4872 Nona Point', 'jenkins.darrel@example.net'),
(584, 'Lottie Armstrong', '3253 Dino Oval Suite 729', 'reyes.littel@example.com'),
(585, 'Mrs. Francisca Hane', '8108 Baron Road', 'huels.rosalia@example.net'),
(586, 'Miss Malinda Hoeger IV', '204 Padberg Flats Suite 284', 'raymond96@example.org'),
(587, 'Dr. Stephen Mills', '96063 Ayden Passage Suite 812', 'daniel.ernestine@example.com'),
(588, 'Dr. Catharine Hyatt PhD', '1146 Bartoletti Gateway Suite 775', 'rosa17@example.com'),
(589, 'Miss Lizzie Swaniawski II', '789 Tromp Court', 'maurice93@example.org'),
(590, 'Prince Konopelski', '923 Green Garden', 'santiago45@example.org'),
(591, 'Rickey King', '92205 Wuckert Views', 'jadyn.little@example.org'),
(592, 'Mr. Alfonso Wiegand IV', '21905 Violet Point', 'koss.samson@example.net'),
(593, 'Mr. Curt Mohr V', '020 O\'Conner Court', 'kruecker@example.com'),
(594, 'Prof. Josh Robel I', '503 Shanahan Brook Apt. 385', 'tstracke@example.net'),
(595, 'Mr. Nathanial Trantow', '642 Kuphal Junction Apt. 446', 'wschinner@example.com'),
(596, 'Jared Hahn', '158 Vernon Avenue Suite 694', 'harry77@example.org'),
(597, 'Ray McCullough II', '817 Kiel Meadow', 'dallin98@example.org'),
(598, 'Cruz Beahan', '7350 Steuber Tunnel', 'cyrus76@example.net'),
(599, 'Dr. Dustin Botsford', '1969 Turner Parkway Apt. 247', 'elvera.schroeder@example.org'),
(600, 'Cloyd Sawayn', '455 Lowe Camp', 'cathryn.trantow@example.org'),
(601, 'Herminia Dickinson', '54029 Gail Cliffs Suite 378', 'gudrun.treutel@example.net'),
(602, 'Magnus Metz', '79240 Morar Hollow', 'fdubuque@example.org'),
(603, 'Monserrat O\'Reilly', '70273 Boehm Vista Apt. 146', 'hal.reichert@example.net'),
(604, 'Darrick Pagac', '008 Alisa Prairie Suite 909', 'ernser.eldon@example.com'),
(605, 'Mr. Gaetano Leannon', '7526 Altenwerth Trail Apt. 400', 'slind@example.org'),
(606, 'Gayle O\'Kon PhD', '393 Johnson Expressway', 'miller.hector@example.net'),
(607, 'Kendrick Kerluke PhD', '3380 Rippin Bypass Suite 415', 'gaetano05@example.net'),
(608, 'Ms. Noemy Weber MD', '5317 Hilll Glens Apt. 800', 'po\'hara@example.org'),
(609, 'Prof. Earnest Tremblay', '171 Abdul Ports', 'sylvia.aufderhar@example.net'),
(610, 'Emmitt Bernier', '05950 Tillman Stravenue', 'rhianna46@example.com'),
(611, 'Prof. Dewitt Berge V', '84170 Thiel Cliff Suite 150', 'chase.gutmann@example.com'),
(612, 'Patrick Predovic', '72991 Dena Road', 'walsh.eleanora@example.com'),
(613, 'Marjory Cassin', '0870 Crooks Squares Apt. 518', 'selina58@example.net'),
(614, 'Carolina Herman PhD', '2347 Lowe Lights Suite 288', 'carole.stracke@example.net'),
(615, 'Katelyn Raynor', '560 Schmitt Villages', 'jmayert@example.com'),
(616, 'Dr. Cyril Wolf IV', '083 Cody Brooks', 'mona.pouros@example.com'),
(617, 'Savanah Hodkiewicz', '2758 Kessler Port', 'barton.myriam@example.com'),
(618, 'Christopher O\'Reilly II', '492 Dale Circle', 'adell60@example.net'),
(619, 'Ubaldo Ratke', '23511 Zulauf Route', 'damien39@example.org'),
(620, 'Dr. Fausto Weissnat PhD', '423 Quitzon Bypass', 'miguel25@example.net'),
(621, 'Manley Rosenbaum', '58330 Hyatt Track Apt. 825', 'schultz.isaiah@example.net'),
(622, 'Adrianna Strosin', '79392 Wilbert Burg', 'mable.cruickshank@example.net'),
(623, 'Prof. Amber Parisian', '441 Jenkins Spring Apt. 043', 'martina49@example.org'),
(624, 'Tristian Denesik', '56263 Strosin Harbors', 'margaretta.beer@example.net'),
(625, 'Dixie Hand', '38365 Hane Orchard Apt. 889', 'jed80@example.org'),
(626, 'Erna Wuckert', '352 Bette Lock', 'manley.rath@example.org'),
(627, 'Jayden Jaskolski', '220 Shanahan Forge', 'gabrielle.hammes@example.net'),
(628, 'Jedidiah Kunze I', '9434 O\'Conner Mall Apt. 865', 'whowell@example.com'),
(629, 'Armand Larkin', '399 Adrienne Turnpike Apt. 961', 'lfritsch@example.com'),
(630, 'Cade Kunze', '368 Missouri Mountains', 'wintheiser.providenci@example.net'),
(631, 'Ignatius Skiles', '03702 Scarlett Divide', 'beatty.arielle@example.net'),
(632, 'Miss Marion Willms DVM', '674 Georgianna Roads', 'ulynch@example.org'),
(633, 'Yesenia Dickens', '2368 Denesik Point Apt. 065', 'antonette.block@example.org'),
(634, 'Mr. Alfonzo Rowe Jr.', '940 Gulgowski Canyon', 'laverne01@example.com');
INSERT INTO `peoples` (`id`, `name`, `address`, `email`) VALUES
(635, 'Sylvia Wunsch DVM', '110 Shane Fort Suite 366', 'maggio.carole@example.org'),
(636, 'Savion Ankunding', '8898 Davis Stream', 'coy.kihn@example.com'),
(637, 'Prof. Keven Stokes II', '971 Carroll Cliffs', 'emard.dax@example.com'),
(638, 'Jayne Fadel', '463 Theodora Loaf Suite 603', 'doyle.hoeger@example.net'),
(639, 'Ms. Anabel Jones', '0912 Jenkins Junction', 'elvera76@example.com'),
(640, 'Ms. Amie Bins', '0718 Brannon Wall', 'alysson.rohan@example.net'),
(641, 'Alexandria Ortiz', '492 Ansel Plaza Apt. 640', 'kulas.casimer@example.net'),
(642, 'Arvilla Bosco', '2775 Hammes Circle', 'filiberto72@example.com'),
(643, 'Guillermo Strosin MD', '92733 Funk Freeway Suite 911', 'wilma33@example.net'),
(644, 'Dr. Jarrell Kovacek', '9251 Adolphus Freeway Apt. 578', 'mohammed.watsica@example.org'),
(645, 'Rosemary Mohr Jr.', '12925 Margarett Mountains Suite 220', 'vkuhn@example.net'),
(646, 'Emmie Schmidt', '5395 Ed Groves Apt. 204', 'bbergstrom@example.net'),
(647, 'Mr. Emile Breitenberg V', '686 Torp Walk', 'keeling.karelle@example.net'),
(648, 'Kelli Schuster', '81751 Leif Glens Apt. 956', 'mertz.tyson@example.com'),
(649, 'Wilfrid Breitenberg', '46662 Gusikowski Station Apt. 161', 'ryleigh.johnston@example.com'),
(650, 'Lamar Haley II', '99643 Eliza Street Apt. 102', 'mozelle12@example.com'),
(651, 'Mrs. Lia Rosenbaum', '1411 Hayes Gateway', 'lilly68@example.com'),
(652, 'Ms. Rosanna Boyle', '0395 Sherman Orchard Apt. 820', 'ambrose62@example.org'),
(653, 'Prof. Delta Ferry I', '083 Pietro Port Apt. 586', 'lydia.fahey@example.com'),
(654, 'Helga Glover', '933 Robb Square', 'jerald.huel@example.net'),
(655, 'Eddie Flatley', '98288 Mohr Trace Suite 810', 'imogene50@example.net'),
(656, 'Miss Birdie Douglas', '0871 Annabell Walks Suite 357', 'cruecker@example.net'),
(657, 'Mrs. Ivah Stehr I', '094 Zena Trail', 'pfannerstill.larissa@example.com'),
(658, 'Jasmin Swaniawski II', '134 Norene Club Suite 259', 'marshall84@example.com'),
(659, 'Leta Corwin', '223 Hilda Dale', 'meta90@example.net'),
(660, 'Felicity Bosco', '08765 Susana Garden', 'ashley11@example.com'),
(661, 'Matt Herzog', '1625 Nikolaus Rest', 'vlemke@example.org'),
(662, 'Leonardo Daugherty III', '0133 Ted Pass Apt. 779', 'alvah.hessel@example.net'),
(663, 'Dr. Tommie Vandervort', '258 Avis Stream Apt. 350', 'taurean66@example.org'),
(664, 'Simone Wiegand', '7861 O\'Kon Mall Apt. 904', 'ewuckert@example.net'),
(665, 'Hermann Rowe', '12876 Levi Fords Apt. 835', 'roberto.turcotte@example.net'),
(666, 'Reginald Lemke', '2323 Geo Stream Apt. 635', 'willis.kiehn@example.com'),
(667, 'Krystal Goldner PhD', '78101 Murphy Bypass Suite 612', 'jessie.pfeffer@example.com'),
(668, 'Dr. Irving Baumbach Sr.', '198 Maud Gateway Suite 647', 'maxie.kirlin@example.org'),
(669, 'Tad Pfeffer I', '82632 Nathanial Isle', 'cthiel@example.net'),
(670, 'Annette Grant DVM', '7831 Estelle Ramp', 'thurman.lesch@example.org'),
(671, 'Brain Parisian', '346 Greenholt Row', 'kirk36@example.net'),
(672, 'Enrique Goyette', '0280 Nienow Ports Suite 571', 'littel.camila@example.net'),
(673, 'Elouise Wuckert', '6448 Leffler Fields', 'francisca.mueller@example.com'),
(674, 'Judah Ruecker', '942 Sean Center Apt. 356', 'alanna91@example.org'),
(675, 'Deangelo O\'Hara', '5088 Isabella Circle', 'xavier.baumbach@example.org'),
(676, 'Mr. Fritz McLaughlin Jr.', '48652 Schultz River Apt. 330', 'mona45@example.net'),
(677, 'Caesar Fritsch', '9321 O\'Keefe Glens Suite 116', 'zboncak.chelsea@example.org'),
(678, 'Dr. Erick Goldner', '878 Cicero Island', 'carter.fern@example.org'),
(679, 'Kitty Emmerich', '3033 Cristopher Mall', 'ncremin@example.com'),
(680, 'Andre Howe', '99923 Kiehn Corner Apt. 865', 'connelly.raymond@example.org'),
(681, 'Shaina Lakin', '6913 Kaleigh Circle', 'rowena58@example.net'),
(682, 'Berneice Considine', '26794 Feest Union Apt. 405', 'chesley55@example.com'),
(683, 'Doris Ortiz', '0324 Green Mills', 'glenna.senger@example.org'),
(684, 'Kenyon Stokes II', '380 Hahn Path Apt. 114', 'deja.beatty@example.com'),
(685, 'Janae Deckow', '73083 Cummerata Mission Apt. 901', 'alyce47@example.org'),
(686, 'Skye Smith', '988 Gaylord Falls Suite 770', 'reinger.jasper@example.org'),
(687, 'Alexandria Pacocha', '058 Maggie Haven Apt. 717', 'elvie32@example.com'),
(688, 'Ms. Maeve Bergstrom', '0789 Lueilwitz Estate Apt. 738', 'sconroy@example.net'),
(689, 'Murray Raynor', '7142 Alessandro Green Apt. 784', 'delilah.bruen@example.net'),
(690, 'Ms. Thora Kub DDS', '876 Lubowitz Cove', 'haven.douglas@example.org'),
(691, 'Jaeden Bartoletti', '257 Pagac Shores Apt. 822', 'hilario.tillman@example.org'),
(692, 'Bennie Stroman DVM', '0767 Brandi Extension', 'buckridge.kyler@example.net'),
(693, 'Wilburn Smith', '584 Schuster Brook', 'aniya49@example.org'),
(694, 'Stone Turner', '833 Hazel Course', 'bartoletti.kristopher@example.net'),
(695, 'Kolby Block', '6744 Feil Fords', 'shanie.wiegand@example.net'),
(696, 'Giles Reynolds', '3712 Ceasar Burg Suite 739', 'elna36@example.net'),
(697, 'Maryjane Mraz', '29224 Clinton Overpass', 'west.alfonzo@example.org'),
(698, 'Kathryne Haag', '795 Minnie Radial Apt. 910', 'kcrona@example.com'),
(699, 'Kris Kris', '4871 Schultz Mountains Suite 620', 'hayden.hayes@example.net'),
(700, 'Mr. Granville Rath', '1012 Reichert Mountains', 'alesch@example.org'),
(701, 'Dr. Callie Leffler', '374 Fausto Road', 'torp.jerad@example.org'),
(702, 'Ms. Kathryne Nolan I', '22519 Kozey Mountains', 'zwillms@example.com'),
(703, 'Izabella Jast III', '506 Schowalter Orchard', 'parker.garland@example.net'),
(704, 'Duane Stamm', '7040 Lebsack Union', 'horace25@example.org'),
(705, 'Cornell Schroeder', '0198 Virginie Mission Suite 653', 'wschultz@example.net'),
(706, 'Ms. Catherine Dooley V', '2975 Kendall Locks Suite 937', 'esta48@example.net'),
(707, 'Reina Wisozk', '55522 Carmine Street', 'pat.veum@example.net'),
(708, 'Isai Walter I', '7575 McKenzie Meadow Suite 412', 'satterfield.yessenia@example.org'),
(709, 'Ignacio Gibson', '9614 Ford Glen Apt. 766', 'winifred22@example.com'),
(710, 'Elyssa Bergstrom PhD', '88269 Howe Freeway Suite 363', 'jalen81@example.net'),
(711, 'Estel Bins', '74794 Shad Junction', 'queen.turcotte@example.net'),
(712, 'Bethany Powlowski', '43064 Christine Cliff', 'purdy.emelie@example.org'),
(713, 'Dr. Gabriel Boyer', '21869 Ferry Islands Apt. 473', 'nathaniel.hegmann@example.com'),
(714, 'Lelah Medhurst', '4695 Dickinson Plains Suite 622', 'ttremblay@example.org'),
(715, 'Ms. Rowena Gerhold', '74863 Waters Run', 'kemmer.jaeden@example.org'),
(716, 'Arlie Nitzsche', '9201 Huels Field Suite 269', 'jlegros@example.com'),
(717, 'Katelin Jacobson Sr.', '035 Hettinger Summit Suite 313', 'pbarrows@example.com'),
(718, 'Valentin Raynor', '3793 Marielle Flat Apt. 229', 'kkautzer@example.net'),
(719, 'Albina Kutch', '71262 Jermey Fords Suite 605', 'kozey.rhett@example.net'),
(720, 'Darby Konopelski', '49981 Dickinson Underpass', 'sschimmel@example.org'),
(721, 'Mr. Randal Gaylord V', '32239 Estrella Village', 'nathaniel52@example.net'),
(722, 'Margret Corwin', '6876 Jones Bypass', 'gjacobs@example.com'),
(723, 'Tommie Conn', '1437 Brant Overpass', 'thad56@example.org'),
(724, 'Stephanie Gutmann', '0241 Estefania Flats Apt. 134', 'ankunding.amelie@example.net'),
(725, 'Lilliana McDermott DDS', '3723 Lebsack Falls', 'aida.ward@example.com'),
(726, 'Aurelie Kautzer III', '6607 Koelpin Curve Suite 792', 'wilma84@example.com'),
(727, 'Ike Dicki I', '669 Samantha Plaza Apt. 474', 'gorczany.katrina@example.org'),
(728, 'Kristopher Lang', '9995 Lang Radial', 'romaine03@example.net'),
(729, 'Mr. Orland Schmidt III', '40530 Addie Mission', 'slehner@example.net'),
(730, 'Dr. Taya Olson', '443 Orn Orchard', 'broderick.renner@example.org'),
(731, 'Davon Herman DDS', '02340 Smitham Greens Suite 263', 'kaia.kiehn@example.org'),
(732, 'Dr. Hailey Roob MD', '0449 Victoria Circles Suite 707', 'ykiehn@example.com'),
(733, 'Lambert Jaskolski', '5239 Leif Hollow', 'prau@example.com'),
(734, 'Mr. Martin Maggio', '11964 Oberbrunner Passage', 'adelbert62@example.com'),
(735, 'Ebba Davis Jr.', '658 Abernathy Land', 'ltremblay@example.com'),
(736, 'Regan Daniel', '69867 Mohr Circles Suite 633', 'joshuah.maggio@example.com'),
(737, 'Austen Dach', '537 Irving Keys', 'daphnee.medhurst@example.com'),
(738, 'Vilma Koelpin', '150 Rippin Islands Apt. 874', 'kpacocha@example.com'),
(739, 'Stephania Schumm', '3615 Sister Passage', 'jamir.dare@example.net'),
(740, 'Orie Weimann', '362 Anabel Squares', 'elvie.parker@example.com'),
(741, 'Miss Adah Eichmann', '860 Jaydon Motorway', 'lwiegand@example.org'),
(742, 'Otha Nienow', '6307 Hills Cliff', 'rico08@example.org'),
(743, 'Waino Metz I', '6557 Raphael Trail', 'torphy.edmond@example.com'),
(744, 'Prof. Kirsten Borer IV', '415 Abelardo Branch', 'msteuber@example.org'),
(745, 'Nichole Trantow', '35425 Marques Port Suite 100', 'pweimann@example.net'),
(746, 'Bessie Bode', '185 Lorenzo Station Apt. 411', 'bridgette.jenkins@example.net'),
(747, 'Jeremie Dietrich', '7998 Dolores Coves', 'lois.yundt@example.net'),
(748, 'Kaylah Konopelski', '96034 Melvina Views Apt. 525', 'molly92@example.net'),
(749, 'Duane Powlowski', '992 Tobin Square Apt. 469', 'cristal.o\'reilly@example.com'),
(750, 'Dr. Ulises Bauch', '87024 Wintheiser Squares', 'felicity56@example.org'),
(751, 'Stephania Strosin', '98526 Anabel Street', 'brent16@example.net'),
(752, 'Mr. Kale Haley MD', '77219 Langosh Lane', 'andrew77@example.com'),
(753, 'Jerad Smitham Jr.', '00010 Maggio Plain', 'njast@example.net'),
(754, 'Lori Prohaska', '751 Lorna Stream', 'zkuvalis@example.net'),
(755, 'Meta Kuhic', '6802 Peyton Pines Apt. 796', 'eichmann.aisha@example.com'),
(756, 'Dr. Ralph Berge MD', '300 Runolfsson Corners Apt. 463', 'lyundt@example.com'),
(757, 'Erwin Jenkins', '40141 McGlynn Divide Apt. 534', 'jalon.reichert@example.com'),
(758, 'Diamond Wolf', '51895 Leannon Pass', 'kaylee.ryan@example.org'),
(759, 'Florida Towne', '20202 Candace Manors', 'carol.purdy@example.com'),
(760, 'Guy Ortiz', '587 Krajcik Station', 'torp.rubie@example.net'),
(761, 'Hayden Stroman', '5341 Elsa Turnpike', 'fritsch.katherine@example.org'),
(762, 'Andreane Renner', '403 Torp Ridges Suite 398', 'fo\'kon@example.net'),
(763, 'Trevion Mills III', '3680 Hailie Estates', 'cremin.marcus@example.net'),
(764, 'Kamryn Kuvalis', '0266 Cummings Plain', 'ellsworth42@example.org'),
(765, 'Delaney Cole IV', '0367 Lind Circles', 'istroman@example.org'),
(766, 'Talia Rosenbaum', '7708 Ashlee Road Suite 384', 'ajohnston@example.net'),
(767, 'Jacynthe Lynch', '14413 Swaniawski Hill Suite 946', 'dschamberger@example.net'),
(768, 'Sterling Crooks', '841 Trever Court Suite 562', 'mbradtke@example.net'),
(769, 'Shirley Rau', '247 Medhurst Rapids', 'francisco.cartwright@example.com'),
(770, 'Mr. Ryann Balistreri', '18092 Schulist Street', 'abner.kertzmann@example.org'),
(771, 'Noah Jacobi', '4030 Kshlerin Spring Apt. 959', 'paul.jones@example.com'),
(772, 'Oral Trantow', '9494 Ratke Landing', 'aufderhar.amiya@example.com'),
(773, 'Ole Morissette', '7862 Bauch Flat', 'thelma10@example.net'),
(774, 'Mackenzie Walter', '48424 Wisoky Crescent', 'terence99@example.com'),
(775, 'Karine Ziemann MD', '518 Jamir Street', 'shawna.sanford@example.com'),
(776, 'Guillermo Tillman', '3653 Mona Rest Suite 378', 'coleman.spencer@example.net'),
(777, 'Grady O\'Kon', '8809 Heidenreich Lakes Suite 864', 'nitzsche.keely@example.org'),
(778, 'Prof. Cedrick Beier Jr.', '182 Bergnaum Turnpike Apt. 309', 'sarah.maggio@example.com'),
(779, 'Prof. Vernie Pfeffer', '889 Jast Pines Suite 946', 'jsenger@example.net'),
(780, 'Mrs. Marjory Christiansen', '9318 Avery Valley Suite 147', 'hegmann.alice@example.org'),
(781, 'Brook Hermiston', '483 Hudson Path', 'yemmerich@example.org'),
(782, 'Janessa Ziemann', '999 Emmerich Forks', 'haag.greyson@example.com'),
(783, 'Esperanza Towne', '40481 Kyler Square Suite 820', 'zauer@example.com'),
(784, 'Omari Feeney', '62488 Krajcik Overpass', 'kprice@example.org'),
(785, 'Ephraim Roberts V', '0653 Brionna Islands', 'francesco.bergnaum@example.org'),
(786, 'Prof. Logan Mitchell II', '361 Lavina Pike', 'narciso43@example.org'),
(787, 'Dr. Rowland Schoen MD', '54281 Camila Ports Suite 550', 'margarete21@example.com'),
(788, 'Leslie Wunsch', '3038 Eliane Inlet', 'stanton.woodrow@example.com'),
(789, 'Roger Kuphal', '7165 Tyshawn Ways', 'terry.arielle@example.com'),
(790, 'Ryann Flatley IV', '99629 Upton Prairie', 'jacey.mayert@example.net'),
(791, 'Kane Herman', '2300 Zemlak Point Suite 577', 'forest57@example.net'),
(792, 'Ms. Esperanza Mitchell', '77554 Carlotta Hollow', 'vaughn.goyette@example.net'),
(793, 'Walker Keebler', '633 Misael Ranch', 'luettgen.concepcion@example.org'),
(794, 'Green Raynor', '29064 Nicolas Crest', 'xschoen@example.net'),
(795, 'Gay Eichmann', '5933 Millie Points', 'lschiller@example.com'),
(796, 'Delpha Daugherty', '28711 Lexi Summit Apt. 584', 'colt29@example.net'),
(797, 'Amie Herzog', '72836 Waldo Field Apt. 610', 'marietta.hartmann@example.com'),
(798, 'Miss Linnea McKenzie', '5762 Stehr Hollow', 'xbosco@example.net'),
(799, 'Donato Huels Jr.', '0475 Oberbrunner Road Suite 129', 'hane.cletus@example.com'),
(800, 'Arlene Sauer', '07669 Eldora Glen Suite 222', 'bauch.jermaine@example.com'),
(801, 'Damon Leffler DVM', '7793 Hane Lodge Apt. 568', 'jwill@example.com'),
(802, 'Dr. Flo Leuschke Sr.', '010 McDermott Gardens', 'kkeeling@example.net'),
(803, 'Ronaldo Padberg', '602 Ulises Prairie', 'veum.ignatius@example.org'),
(804, 'Cristobal Stehr I', '6480 Heathcote Island Apt. 945', 'robyn.adams@example.org'),
(805, 'Prof. Arnaldo McLaughlin IV', '0044 Kuhlman Avenue Suite 681', 'carolyn.turcotte@example.net'),
(806, 'Brant Runolfsson PhD', '5789 Darien Plaza', 'margarete.romaguera@example.org'),
(807, 'Dr. Blake Jakubowski', '0773 Ebert Street', 'ehermann@example.net'),
(808, 'Will Schuppe', '597 Marie Shore Suite 829', 'brittany71@example.org'),
(809, 'Drake Gulgowski', '689 Lawrence Meadows Suite 895', 'nikita45@example.com'),
(810, 'Prof. Maxine Jacobi', '2467 Pearlie Fields Apt. 363', 'rtorp@example.com'),
(811, 'Rosalyn Walsh', '0689 Carissa Heights Suite 207', 'gustave03@example.org'),
(812, 'Dr. Miles Gusikowski', '709 Lisa Mills Apt. 151', 'raynor.alta@example.com'),
(813, 'Miss Lolita Klocko DVM', '6559 Alisha Ramp', 'dane29@example.net'),
(814, 'Peter Buckridge', '114 Alverta Plaza', 'malinda96@example.net'),
(815, 'Mathilde Witting', '452 Ryley Run Suite 260', 'jesus70@example.com'),
(816, 'Prof. Marta Rodriguez DDS', '955 Dahlia Mill', 'moen.constantin@example.net'),
(817, 'Dr. Maryse Wolff', '67246 Heidenreich Mountain Apt. 636', 'jlarkin@example.com'),
(818, 'Rocio Jerde', '766 Kunze Drive Apt. 296', 'cathy71@example.com'),
(819, 'Dr. Claudia Mosciski MD', '89148 Nikolaus Plains', 'rosalinda13@example.com'),
(820, 'Florine Gottlieb PhD', '54298 Howell Avenue Suite 913', 'orville96@example.net'),
(821, 'Geovanny Armstrong II', '825 Borer Spur', 'vida.daniel@example.com'),
(822, 'Mr. Reginald O\'Conner II', '601 Forest Club Apt. 332', 'welch.iliana@example.com'),
(823, 'Edmond Reinger II', '7767 David Street Suite 884', 'leffler.arnulfo@example.org'),
(824, 'Dr. Hellen Kiehn IV', '500 Esperanza Shore Apt. 436', 'victor10@example.net'),
(825, 'Prof. Kody Boyer', '5116 Jailyn Shoal Apt. 701', 'schmidt.nina@example.org'),
(826, 'Eduardo Cremin MD', '271 Noah Fields Suite 016', 'amelie39@example.com'),
(827, 'Romaine Wilkinson', '88901 Candido Wall', 'sage22@example.com'),
(828, 'Miss Winnifred Kozey', '726 Monty River Suite 576', 'jabshire@example.org'),
(829, 'Dr. Cale Buckridge V', '09181 Prosacco Passage', 'lawson33@example.com'),
(830, 'Mattie Breitenberg', '957 Adella Hollow Suite 794', 'gulgowski.darien@example.net'),
(831, 'Prof. Terence Collier III', '84370 Neal Vista', 'leopoldo05@example.com'),
(832, 'Alexandrine Dickens', '21676 Bogisich Square Suite 890', 'thomas07@example.com'),
(833, 'Kamille Ankunding', '69007 Champlin Hill Suite 885', 'cristal.casper@example.com'),
(834, 'Benjamin Lowe DDS', '4686 Lueilwitz Streets', 'oran.waelchi@example.net'),
(835, 'Mr. Columbus Emard I', '2662 Travis Throughway Apt. 459', 'audie20@example.org'),
(836, 'Prof. Julius Casper', '4353 Talia Loop Apt. 214', 'katarina62@example.com'),
(837, 'Ebba Feil', '9551 Schmitt Rapids', 'beahan.nannie@example.net'),
(838, 'Myrtis Greenfelder DDS', '49704 Mosciski Unions', 'edicki@example.com'),
(839, 'Virginie Kulas', '13464 Yasmeen Spring', 'elvie.hoppe@example.net'),
(840, 'Eden Morar', '7579 Leonie Passage', 'zhuels@example.com'),
(841, 'Dedric Christiansen', '459 Keebler Mews Apt. 659', 'gayle77@example.net'),
(842, 'Rosendo Farrell', '175 Ena Street', 'daniella.bernhard@example.com'),
(843, 'Remington Raynor', '7873 Karine Dam', 'delores.jast@example.net'),
(844, 'Mr. Morris Mosciski', '1805 Rohan Loaf', 'kennith63@example.org'),
(845, 'Laron Walker', '636 Schmeler Keys Apt. 632', 'dee86@example.com'),
(846, 'Arno Effertz', '2057 Rocky Orchard', 'ima.ledner@example.net'),
(847, 'Leslie Walsh', '1376 Bradtke Passage Suite 041', 'consuelo83@example.org'),
(848, 'Emile Haag IV', '275 Boehm Terrace Apt. 515', 'shania.reichel@example.com'),
(849, 'Barney Waelchi', '2230 Jace Grove Apt. 574', 'otilia91@example.org'),
(850, 'Jannie Herman', '5847 Hammes Alley Suite 024', 'mabel.prohaska@example.com'),
(851, 'Alexzander Nicolas', '58795 Kuhic Ramp', 'alexandria74@example.net'),
(852, 'Mr. Jimmy Stoltenberg Sr.', '3097 Kuphal Trace', 'rylee.parker@example.org'),
(853, 'Lulu Padberg', '3608 Bartell Burgs', 'abshire.syble@example.com'),
(854, 'Rosalia Jerde', '193 Elwyn Squares', 'tevin.gleichner@example.net'),
(855, 'Golda Kling', '383 Summer Hills', 'antwon66@example.com'),
(856, 'Rory Cormier', '223 Harber View Apt. 529', 'lenna.wisoky@example.net'),
(857, 'Misty Murazik', '10074 Gunner Junctions', 'ulehner@example.net'),
(858, 'Karli Hamill', '420 Carter Ville', 'kadin.nienow@example.com'),
(859, 'Ubaldo Erdman', '64178 Americo Hill Suite 711', 'hagenes.agustin@example.com'),
(860, 'Lauretta Ankunding', '85612 Schamberger Flat Apt. 783', 'kuphal.shane@example.com'),
(861, 'Emelie Funk', '3408 Albin Unions', 'cooper43@example.com'),
(862, 'Dakota Stehr', '604 Bashirian Park', 'uryan@example.com'),
(863, 'Lenny Glover', '3222 Botsford Lake', 'zieme.rogers@example.org'),
(864, 'Prof. Susana Conroy', '5952 Watsica Camp', 'cullen.marks@example.org'),
(865, 'Khalid Boyer PhD', '864 Rempel Forest Suite 987', 'wisozk.frankie@example.org'),
(866, 'Ms. Lizzie Thiel MD', '5449 Flatley Via', 'nhahn@example.net'),
(867, 'Tyrique Osinski II', '9957 Ullrich Isle Apt. 276', 'brown.corene@example.com'),
(868, 'Chelsey Shields', '473 Nestor Ferry Apt. 539', 'agreen@example.com'),
(869, 'Jedidiah Beatty', '2579 Jalyn Station', 'armando.gulgowski@example.net'),
(870, 'Prof. Ada Muller', '3649 Hauck Green', 'sawayn.delbert@example.net'),
(871, 'Miles Gaylord Jr.', '5070 Cassie Row', 'bbogisich@example.com'),
(872, 'Mr. Chelsey Willms Sr.', '3599 Carey Lodge Apt. 885', 'fannie.larson@example.org'),
(873, 'Karlie Goldner', '5637 Kling Garden', 'vharris@example.net'),
(874, 'Christa Medhurst', '619 Schuppe Greens', 'maybell.willms@example.org'),
(875, 'Mathias McClure', '3247 Moses Mountain', 'laurine96@example.com'),
(876, 'Mrs. Oleta McClure', '6582 Bednar Burg Apt. 571', 'royal66@example.net'),
(877, 'Riley Flatley', '6976 Sharon Well Apt. 365', 'williamson.mireille@example.org'),
(878, 'Pablo Pfannerstill', '537 Nader Forest', 'dooley.erin@example.org'),
(879, 'Freda Walker', '163 Rosemarie Ranch Suite 377', 'bonita.o\'conner@example.org'),
(880, 'Ryleigh Stracke', '8611 Wisozk Club Suite 128', 'cfeil@example.org'),
(881, 'Sammie Hand', '421 Abernathy Tunnel Suite 799', 'devonte.rau@example.com'),
(882, 'Verda Goodwin', '29482 Christa Expressway Suite 722', 'marcelina41@example.org'),
(883, 'America Lebsack', '28944 Ziemann Groves', 'vivian09@example.net'),
(884, 'Dr. Blaise Green', '874 Dickinson Mount Suite 494', 'darlene13@example.org'),
(885, 'Maggie Doyle', '9130 Pacocha Plaza Suite 376', 'qmosciski@example.com'),
(886, 'Madonna O\'Hara I', '80046 Hahn Cove', 'ctoy@example.net'),
(887, 'Bethany Kirlin PhD', '4853 Devante Oval', 'ronny49@example.org'),
(888, 'Kathlyn Rice', '2385 Patsy Forest', 'carson48@example.net'),
(889, 'Hubert Carroll', '479 Wolff Street', 'dubuque.abe@example.net'),
(890, 'Heloise Hodkiewicz', '345 Upton Mountains Apt. 272', 'pinkie.haag@example.com'),
(891, 'Dr. Juston Ruecker Jr.', '184 Pete Highway Suite 457', 'sanford.jarret@example.net'),
(892, 'Mr. Jay VonRueden MD', '1814 Braun Harbors Suite 218', 'omurray@example.com'),
(893, 'Jaylan Barton', '2126 Shea Isle', 'dorian76@example.org'),
(894, 'Maximillia Barrows', '8416 Weber Run', 'tberge@example.net'),
(895, 'Dr. Ulises McLaughlin I', '2700 Maeve Corners Apt. 674', 'little.kristy@example.org'),
(896, 'Miss Abbey Sporer', '141 Schultz Crossroad', 'john94@example.net'),
(897, 'Vicente Bartell', '22763 Carlotta Row Apt. 005', 'reinhold61@example.net'),
(898, 'Kellen Baumbach', '2028 Claudie Village Apt. 561', 'shawna.morar@example.com'),
(899, 'Kailyn Dicki', '37512 Baumbach Well', 'jacobson.carol@example.net'),
(900, 'Unique Lakin', '306 Angus Ridge Apt. 250', 'anna84@example.org'),
(901, 'Heaven Towne', '22553 Dominique Bridge', 'torphy.dariana@example.org'),
(902, 'Dr. Elmore King', '95844 Louvenia Fall Apt. 347', 'cristian85@example.net'),
(903, 'Prof. Makayla Dietrich', '31834 Rolfson Place Suite 397', 'bell03@example.com'),
(904, 'Camila Jacobi', '4384 Jeffrey Circle Apt. 252', 'helene86@example.net'),
(905, 'Trace Baumbach', '50135 Tito Mountains', 'botsford.gregorio@example.net'),
(906, 'Eusebio Schultz', '1845 Norma Cape Apt. 908', 'hudson.camila@example.org'),
(907, 'Kathryne Little', '730 Langosh Mill', 'verner80@example.com'),
(908, 'Quinton Yundt', '884 Citlalli Rest Suite 958', 'glover.kirstin@example.org'),
(909, 'Edmond Hilpert MD', '32708 Dario Ports', 'ybartoletti@example.org'),
(910, 'Kellie Armstrong', '112 Torrey Lane', 'moriah.ankunding@example.org'),
(911, 'Elisabeth Olson', '4299 Hermiston Corners Apt. 183', 'corbin93@example.com'),
(912, 'Allene Thompson', '650 Keanu Turnpike Apt. 703', 'jaylen.ledner@example.com'),
(913, 'Dr. Marcus Murazik III', '685 Juvenal Plain Suite 220', 'brandyn91@example.org'),
(914, 'David Gottlieb', '84967 Jason Port', 'cronin.abagail@example.org'),
(915, 'Heloise Hane IV', '35747 Anika Crossing', 'reichert.kimberly@example.net'),
(916, 'Trace Cummings', '450 Zulauf Mills Suite 023', 'langworth.jailyn@example.com'),
(917, 'Maximilian Streich', '4568 Harris Plaza Apt. 176', 'donna21@example.org'),
(918, 'Allie Parker', '193 Price Mission Suite 053', 'abbott.randall@example.com'),
(919, 'Columbus Erdman', '44361 Thiel Courts Suite 586', 'casey.stokes@example.net'),
(920, 'Tyler Marquardt III', '8996 Watsica Knoll', 'beatty.lacy@example.org'),
(921, 'Parker Schuster', '7784 Lavina Forge Apt. 976', 'qlangworth@example.org'),
(922, 'Mayra Romaguera III', '5849 Felipa Throughway', 'hirthe.claire@example.org'),
(923, 'Marques Swaniawski', '6636 Sammie Camp', 'gkulas@example.net'),
(924, 'Wilbert Johnston', '112 Kshlerin Summit Suite 798', 'justice72@example.net'),
(925, 'Ms. Destinee Cassin MD', '2764 Conn Stravenue', 'roberts.edythe@example.net'),
(926, 'Miss Gail Boyer I', '87680 Wyman Trail Apt. 471', 'wortiz@example.com'),
(927, 'Friedrich Stehr', '82811 Quitzon Roads', 'magdalen09@example.org'),
(928, 'Doris Haag', '350 Mann Light Apt. 386', 'mann.maddison@example.net'),
(929, 'Piper Schumm', '502 Misael Pines Suite 582', 'felicia.klocko@example.net'),
(930, 'Barry Stanton', '637 Armstrong Cove', 'lurline58@example.org'),
(931, 'Kyleigh McGlynn', '7097 Keaton Heights Apt. 238', 'arjun.runte@example.net'),
(932, 'Tatum Turner V', '1288 Hagenes Plains Suite 473', 'wiza.nettie@example.com'),
(933, 'Dora Torp', '65162 Klocko Well', 'lindsey.rath@example.net'),
(934, 'Jackeline Waters', '2494 Zboncak Summit', 'nikolaus.verla@example.net'),
(935, 'Dayna Deckow', '5411 Walsh Meadow Suite 522', 'marty48@example.org'),
(936, 'Carroll Kuhn', '9341 Wilkinson Islands Apt. 121', 'ashley10@example.com'),
(937, 'Demarco Schimmel', '271 Klocko Glens', 'erika.weissnat@example.net'),
(938, 'Glennie Hartmann', '78771 Myles Forges', 'ushields@example.org'),
(939, 'Giovani Hackett', '95869 Kertzmann Springs', 'lillie38@example.com'),
(940, 'Freeda Beer', '751 Terry Mission Apt. 861', 'alana.hansen@example.org'),
(941, 'Lilyan Thompson', '45646 Oberbrunner Causeway', 'hintz.nathanael@example.org'),
(942, 'Prof. Bernhard Bailey Sr.', '81357 Kenneth Brooks', 'sheila.dickens@example.com'),
(943, 'Henriette Mosciski', '53675 Berge Meadows', 'buckridge.mattie@example.net'),
(944, 'Mabelle Larson', '4743 Konopelski Spurs Apt. 986', 'rolfson.noe@example.org'),
(945, 'Dr. Merl O\'Hara I', '49568 Cormier Stravenue', 'christopher67@example.net'),
(946, 'Prof. Caesar Mosciski III', '398 Harold Pines', 'chet.kihn@example.net'),
(947, 'Mr. Baron Goldner', '4226 Collins Street', 'conroy.sven@example.net'),
(948, 'Jocelyn Windler', '8870 Casper Harbor', 'little.meda@example.com'),
(949, 'Santa Pacocha', '012 Mollie Road Suite 459', 'zhegmann@example.org'),
(950, 'Waino Labadie', '4276 Klein Parkways', 'glover.eldora@example.com'),
(951, 'Joel Weber', '003 Stokes Greens', 'nschroeder@example.com'),
(952, 'Prof. Dimitri Buckridge', '41240 Armstrong Walks Suite 958', 'ischowalter@example.com'),
(953, 'Kadin Okuneva DVM', '880 Emmerich Shoals Apt. 595', 'vance.langosh@example.net'),
(954, 'Prof. Sherwood Lind V', '5931 Harvey Extension', 'joy39@example.org'),
(955, 'Dr. Buddy Morissette Sr.', '0090 Kertzmann Glens', 'martine.dickinson@example.com'),
(956, 'Claudia Friesen', '0705 Clemens Neck Suite 386', 'creola48@example.com'),
(957, 'Tavares Cronin', '623 Gregory Spring', 'tmills@example.com'),
(958, 'Prof. Winona Brekke III', '1338 Braden Skyway', 'feil.glennie@example.net'),
(959, 'Russell Shanahan', '553 Porter Inlet Suite 328', 'keon45@example.net'),
(960, 'Eugene Pollich DDS', '0523 White Tunnel Apt. 139', 'stacy33@example.com'),
(961, 'Prof. Conner Parisian PhD', '8806 Turner Villages', 'lavinia87@example.org'),
(962, 'Dedrick Hahn', '37210 Eliza Overpass Apt. 023', 'tremblay.madisen@example.net'),
(963, 'Archibald Hodkiewicz', '488 Dickens Station Apt. 611', 'rhett.rosenbaum@example.org'),
(964, 'Celia O\'Conner', '23637 Dicki Mountains', 'mcummerata@example.com'),
(965, 'Esmeralda Toy', '62795 Albertha Canyon Suite 176', 'nbashirian@example.org'),
(966, 'Noemi Jacobs', '0492 Jevon Row', 'xwill@example.org'),
(967, 'Berry Ullrich MD', '9507 Leatha Branch', 'valerie40@example.org'),
(968, 'Davion Jerde', '44860 Gladys Oval Suite 701', 'obalistreri@example.org'),
(969, 'Emily Breitenberg', '80802 Irving Key', 'abbigail57@example.com'),
(970, 'Prof. Katlyn Jenkins', '827 Robyn Point', 'frederick.keeling@example.org'),
(971, 'Dr. Jamil Tremblay', '2492 Mortimer Summit', 'klemke@example.com'),
(972, 'Myrl Considine', '534 Upton Hills', 'nick.rau@example.com'),
(973, 'Krystina Bernier', '039 Suzanne Drive Suite 510', 'kovacek.violette@example.net'),
(974, 'Leif Lang', '876 Manuela Circle Apt. 259', 'carroll.reilly@example.com'),
(975, 'Sienna Oberbrunner', '403 Greenfelder Street Suite 829', 'nspencer@example.com'),
(976, 'Vinnie Howell', '4173 Boehm Passage Suite 243', 'wklein@example.net'),
(977, 'Junius Kassulke', '5030 Feeney Track Suite 662', 'kling.josefa@example.net'),
(978, 'Stacy Douglas', '1897 Reichel Island', 'alvena.eichmann@example.org'),
(979, 'Dr. Makenzie Kessler PhD', '979 Steuber Springs', 'borer.stephan@example.com'),
(980, 'Prof. Mason Bins MD', '2364 Jailyn Greens', 'ali46@example.org'),
(981, 'Rafaela Stamm DVM', '3022 Aylin Summit Apt. 617', 'west.jadon@example.net'),
(982, 'Arjun Sawayn', '194 Jamison Forges Apt. 928', 'kihn.daphney@example.com'),
(983, 'Donnie White', '67862 Bednar Radial Apt. 785', 'o\'conner.guy@example.net'),
(984, 'Dale Hyatt', '845 Jeffrey Pass Suite 472', 'kuhn.eileen@example.net'),
(985, 'Mr. Robbie Hagenes', '8251 Missouri Hollow', 'virginie71@example.org'),
(986, 'Ms. Hilda Kulas PhD', '44109 Eladio Lights Apt. 454', 'louvenia.kunde@example.com'),
(987, 'Bonnie Carroll', '7429 Smitham Station', 'carroll89@example.com'),
(988, 'Catharine Murray', '30664 Lisette Shore Suite 306', 'matilda.smith@example.org'),
(989, 'Mrs. Audreanne Johnson Jr.', '235 Yost Roads', 'veum.noemi@example.net'),
(990, 'Salvatore Huels', '7194 Marshall Rapids', 'schuyler.blick@example.com'),
(991, 'Prof. Patsy Greenfelder MD', '33872 Rod Radial', 'benton16@example.net'),
(992, 'Brittany Walsh', '2143 Danyka Highway Apt. 567', 'joy27@example.net'),
(993, 'Mr. Larue Dickens', '5008 Sipes Throughway', 'lenny90@example.net'),
(994, 'Mr. Isaiah Erdman III', '85873 Turcotte Prairie Suite 458', 'amedhurst@example.com'),
(995, 'Dr. Chesley Skiles', '875 Gottlieb Place Apt. 705', 'connelly.tyreek@example.net'),
(996, 'Antwan Feeney', '9957 Dimitri Port', 'weissnat.myrtie@example.org'),
(997, 'Geoffrey Steuber', '898 Prosacco Neck', 'vharvey@example.com'),
(998, 'Alaina Boehm', '748 Kemmer Plains', 'quigley.baylee@example.com'),
(999, 'Manuela Corwin III', '42390 Darlene Ford', 'marcus58@example.org'),
(1000, 'Rhett Schultz Sr.', '66842 Raynor Landing Suite 262', 'wilmer09@example.com');

-- --------------------------------------------------------

--
-- Table structure for table `produksi`
--

CREATE TABLE `produksi` (
  `id_produksi` int(11) NOT NULL,
  `shift` varchar(5) NOT NULL,
  `jam_mulai` varchar(10) NOT NULL,
  `jam_selesai` varchar(10) NOT NULL,
  `tanggal` varchar(40) NOT NULL,
  `nama_lini` varchar(15) NOT NULL,
  `jenis_lini` varchar(20) NOT NULL,
  `type` varchar(128) NOT NULL,
  `nama_mesin` varchar(100) NOT NULL,
  `mold` varchar(100) NOT NULL
) ENGINE=InnoDB DEFAULT CHARSET=utf8mb4;

--
-- Dumping data for table `produksi`
--

INSERT INTO `produksi` (`id_produksi`, `shift`, `jam_mulai`, `jam_selesai`, `tanggal`, `nama_lini`, `jenis_lini`, `type`, `nama_mesin`, `mold`) VALUES
(1, '1', '07-00', '12.00', '20-12-2019', 'Casting', '1A', 'W2K KRW', 'MESIN 1A', '18');

-- --------------------------------------------------------

--
-- Table structure for table `report`
--

CREATE TABLE `report` (
  `id_report` int(11) NOT NULL,
  `id_shift` int(11) NOT NULL,
  `tanggal` varchar(128) NOT NULL,
  `id_lini` int(11) NOT NULL,
  `id_mesin` int(11) NOT NULL,
  `id_type` int(11) NOT NULL,
  `id_mold` int(11) NOT NULL,
  `oke` varchar(128) NOT NULL,
  `hubutsu` varchar(128) NOT NULL,
  `tsukenetsu` varchar(128) NOT NULL,
  `yumawari` varchar(128) NOT NULL,
  `tumor` varchar(128) NOT NULL,
  `layer` varchar(128) NOT NULL,
  `cacat` varchar(128) NOT NULL,
  `pin` varchar(128) NOT NULL,
  `lain_lain` varchar(128) NOT NULL,
  `trial` varchar(128) NOT NULL,
  `xray` varchar(128) NOT NULL,
  `total` varchar(128) NOT NULL
) ENGINE=InnoDB DEFAULT CHARSET=utf8mb4;

--
-- Dumping data for table `report`
--

INSERT INTO `report` (`id_report`, `id_shift`, `tanggal`, `id_lini`, `id_mesin`, `id_type`, `id_mold`, `oke`, `hubutsu`, `tsukenetsu`, `yumawari`, `tumor`, `layer`, `cacat`, `pin`, `lain_lain`, `trial`, `xray`, `total`) VALUES
(1, 1, '10-02-2020', 1, 1, 1, 1, '10', '10', '', '', '', '', '', '10', '', '', '', '30'),
(5, 1, '13-02-2020', 1, 1, 1, 1, '20', '20', '20', '', '', '', '', '', '', '', '', '60'),
(6, 1, '13-02-2020', 1, 1, 1, 30, '10', '', '', '', '', '', '', '', '', '', '', '10');

-- --------------------------------------------------------

--
-- Table structure for table `shift`
--

CREATE TABLE `shift` (
  `id_shift` int(11) NOT NULL,
  `shift` varchar(1) NOT NULL,
  `jam_mulai` varchar(20) NOT NULL,
  `jam_selesai` varchar(20) NOT NULL
) ENGINE=InnoDB DEFAULT CHARSET=utf8mb4;

--
-- Dumping data for table `shift`
--

INSERT INTO `shift` (`id_shift`, `shift`, `jam_mulai`, `jam_selesai`) VALUES
(1, '1', '00:00', '07:30'),
(2, '2', '07:30', '16:15'),
(3, '3', '16:15', '24:00');

-- --------------------------------------------------------

--
-- Table structure for table `type`
--

CREATE TABLE `type` (
  `id_type` int(11) NOT NULL,
  `nama` varchar(50) NOT NULL
) ENGINE=InnoDB DEFAULT CHARSET=utf8mb4;

--
-- Dumping data for table `type`
--

INSERT INTO `type` (`id_type`, `nama`) VALUES
(1, 'SA25Q'),
(2, 'APV14'),
(3, 'SA20R'),
(4, 'B . LOCK'),
(5, 'PSF1M-H'),
(6, 'PSF1M-G'),
(7, 'SA22K'),
(8, 'SA22L'),
(9, 'SC22P'),
(10, 'SA22R'),
(11, 'SD22T'),
(12, 'SC22S'),
(13, 'PSD3K'),
(14, 'SA22KA'),
(15, 'SD22MP'),
(16, 'SD25R'),
(17, 'KWID'),
(18, 'SD23R'),
(19, 'SD23S'),
(20, 'SD25S'),
(21, 'SD23Z'),
(22, 'SF23T'),
(23, 'SC24F'),
(24, 'SD24Y'),
(25, 'SA25J'),
(26, 'SC25E'),
(27, 'SZ23W'),
(28, 'SZ23X'),
(29, 'SA25K'),
(30, 'SD24N'),
(31, 'SD23Z-SE'),
(32, 'SA24P'),
(33, 'SA24R'),
(34, 'SA24S'),
(35, 'SA24T'),
(36, 'SD24Q'),
(37, 'SD25C'),
(38, 'YDH'),
(39, 'SC24F-SE'),
(40, 'SZ24Z');

-- --------------------------------------------------------

--
-- Table structure for table `user`
--

CREATE TABLE `user` (
  `id` int(11) NOT NULL,
  `name` varchar(128) NOT NULL,
  `email` varchar(128) NOT NULL,
  `image` varchar(128) NOT NULL,
  `password` varchar(256) NOT NULL,
  `role_id` int(11) NOT NULL,
  `is_active` int(1) NOT NULL,
  `date_created` int(11) NOT NULL
) ENGINE=InnoDB DEFAULT CHARSET=utf8mb4;

--
-- Dumping data for table `user`
--

INSERT INTO `user` (`id`, `name`, `email`, `image`, `password`, `role_id`, `is_active`, `date_created`) VALUES
(4, 'admin_qc', 'admin_qc@pakoakuina.com', 'default.png', '$2y$10$hG8itOz8TTdOR75sq8RVce9dtMhS0gPyL/wSXU3rCton6HfFEjADO', 1, 1, 1581043977),
(5, 'admin_qc', 'admin_qc', 'default.png', '$2y$10$39DjTuIKtR.KDdjukLp9teu.MPXRmYk7CXFw4lRakIgswpoAyxD3i', 1, 1, 1581388845);

-- --------------------------------------------------------

--
-- Table structure for table `user_access_menu`
--

CREATE TABLE `user_access_menu` (
  `id` int(11) NOT NULL,
  `role_id` int(11) NOT NULL,
  `menu_id` int(11) NOT NULL
) ENGINE=InnoDB DEFAULT CHARSET=utf8mb4;

--
-- Dumping data for table `user_access_menu`
--

INSERT INTO `user_access_menu` (`id`, `role_id`, `menu_id`) VALUES
(1, 1, 1),
(2, 1, 2),
(3, 2, 2);

-- --------------------------------------------------------

--
-- Table structure for table `user_menu`
--

CREATE TABLE `user_menu` (
  `id` int(11) NOT NULL,
  `menu` varchar(128) NOT NULL
) ENGINE=InnoDB DEFAULT CHARSET=utf8mb4;

--
-- Dumping data for table `user_menu`
--

INSERT INTO `user_menu` (`id`, `menu`) VALUES
(1, 'Admin'),
(2, 'User');

-- --------------------------------------------------------

--
-- Table structure for table `user_role`
--

CREATE TABLE `user_role` (
  `id` int(11) NOT NULL,
  `role` varchar(128) NOT NULL
) ENGINE=InnoDB DEFAULT CHARSET=utf8mb4;

--
-- Dumping data for table `user_role`
--

INSERT INTO `user_role` (`id`, `role`) VALUES
(1, 'administrator'),
(2, 'member');

-- --------------------------------------------------------

--
-- Table structure for table `user_sub_menu`
--

CREATE TABLE `user_sub_menu` (
  `id` int(11) NOT NULL,
  `menu_id` int(11) NOT NULL,
  `title` varchar(128) NOT NULL,
  `url` varchar(128) NOT NULL,
  `icon` varchar(128) NOT NULL,
  `is_active` int(1) NOT NULL
) ENGINE=InnoDB DEFAULT CHARSET=utf8mb4;

--
-- Dumping data for table `user_sub_menu`
--

INSERT INTO `user_sub_menu` (`id`, `menu_id`, `title`, `url`, `icon`, `is_active`) VALUES
(1, 1, 'Dashboard', 'admin', 'fas fa-fw fa-tachometer-alt', 1),
(2, 2, 'My Profile', 'user', 'fas fa-fw fa-user', 1),
(3, 1, 'Data Report', 'report', 'fas fa-fw fa-user-edit', 1),
(4, 1, 'Data Master', 'master', 'fas fa-database', 0);

--
-- Indexes for dumped tables
--

--
-- Indexes for table `deffect`
--
ALTER TABLE `deffect`
  ADD PRIMARY KEY (`id_deffect`);

--
-- Indexes for table `deffect_m`
--
ALTER TABLE `deffect_m`
  ADD PRIMARY KEY (`id_deffect_m`);

--
-- Indexes for table `hasil`
--
ALTER TABLE `hasil`
  ADD PRIMARY KEY (`id_hasil`);

--
-- Indexes for table `hasil_m`
--
ALTER TABLE `hasil_m`
  ADD PRIMARY KEY (`id_hasil_m`);

--
-- Indexes for table `jenis`
--
ALTER TABLE `jenis`
  ADD PRIMARY KEY (`id_jenis`);

--
-- Indexes for table `laporan`
--
ALTER TABLE `laporan`
  ADD PRIMARY KEY (`id_laporan`);

--
-- Indexes for table `laporan_m`
--
ALTER TABLE `laporan_m`
  ADD PRIMARY KEY (`id_laporan_m`);

--
-- Indexes for table `lini`
--
ALTER TABLE `lini`
  ADD PRIMARY KEY (`id_lini`);

--
-- Indexes for table `mahasiswa`
--
ALTER TABLE `mahasiswa`
  ADD PRIMARY KEY (`id`);

--
-- Indexes for table `mesin`
--
ALTER TABLE `mesin`
  ADD PRIMARY KEY (`id_mesin`);

--
-- Indexes for table `mold`
--
ALTER TABLE `mold`
  ADD PRIMARY KEY (`id_mold`);

--
-- Indexes for table `pcs_data`
--
ALTER TABLE `pcs_data`
  ADD PRIMARY KEY (`id`);

--
-- Indexes for table `peoples`
--
ALTER TABLE `peoples`
  ADD PRIMARY KEY (`id`),
  ADD KEY `email` (`email`);

--
-- Indexes for table `produksi`
--
ALTER TABLE `produksi`
  ADD PRIMARY KEY (`id_produksi`);

--
-- Indexes for table `report`
--
ALTER TABLE `report`
  ADD PRIMARY KEY (`id_report`);

--
-- Indexes for table `shift`
--
ALTER TABLE `shift`
  ADD PRIMARY KEY (`id_shift`);

--
-- Indexes for table `type`
--
ALTER TABLE `type`
  ADD PRIMARY KEY (`id_type`);

--
-- Indexes for table `user`
--
ALTER TABLE `user`
  ADD PRIMARY KEY (`id`);

--
-- Indexes for table `user_access_menu`
--
ALTER TABLE `user_access_menu`
  ADD PRIMARY KEY (`id`);

--
-- Indexes for table `user_menu`
--
ALTER TABLE `user_menu`
  ADD PRIMARY KEY (`id`);

--
-- Indexes for table `user_role`
--
ALTER TABLE `user_role`
  ADD PRIMARY KEY (`id`);

--
-- Indexes for table `user_sub_menu`
--
ALTER TABLE `user_sub_menu`
  ADD PRIMARY KEY (`id`);

--
-- AUTO_INCREMENT for dumped tables
--

--
-- AUTO_INCREMENT for table `deffect`
--
ALTER TABLE `deffect`
  MODIFY `id_deffect` int(11) NOT NULL AUTO_INCREMENT, AUTO_INCREMENT=36;

--
-- AUTO_INCREMENT for table `deffect_m`
--
ALTER TABLE `deffect_m`
  MODIFY `id_deffect_m` int(11) NOT NULL AUTO_INCREMENT, AUTO_INCREMENT=28;

--
-- AUTO_INCREMENT for table `hasil`
--
ALTER TABLE `hasil`
  MODIFY `id_hasil` int(11) NOT NULL AUTO_INCREMENT, AUTO_INCREMENT=1432;

--
-- AUTO_INCREMENT for table `hasil_m`
--
ALTER TABLE `hasil_m`
  MODIFY `id_hasil_m` int(11) NOT NULL AUTO_INCREMENT, AUTO_INCREMENT=7;

--
-- AUTO_INCREMENT for table `jenis`
--
ALTER TABLE `jenis`
  MODIFY `id_jenis` int(11) NOT NULL AUTO_INCREMENT, AUTO_INCREMENT=4;

--
-- AUTO_INCREMENT for table `laporan`
--
ALTER TABLE `laporan`
  MODIFY `id_laporan` int(11) NOT NULL AUTO_INCREMENT, AUTO_INCREMENT=181;

--
-- AUTO_INCREMENT for table `laporan_m`
--
ALTER TABLE `laporan_m`
  MODIFY `id_laporan_m` int(11) NOT NULL AUTO_INCREMENT, AUTO_INCREMENT=13;

--
-- AUTO_INCREMENT for table `lini`
--
ALTER TABLE `lini`
  MODIFY `id_lini` int(11) NOT NULL AUTO_INCREMENT, AUTO_INCREMENT=55;

--
-- AUTO_INCREMENT for table `mahasiswa`
--
ALTER TABLE `mahasiswa`
  MODIFY `id` int(11) NOT NULL AUTO_INCREMENT, AUTO_INCREMENT=9;

--
-- AUTO_INCREMENT for table `mesin`
--
ALTER TABLE `mesin`
  MODIFY `id_mesin` int(11) NOT NULL AUTO_INCREMENT, AUTO_INCREMENT=68;

--
-- AUTO_INCREMENT for table `mold`
--
ALTER TABLE `mold`
  MODIFY `id_mold` int(11) NOT NULL AUTO_INCREMENT, AUTO_INCREMENT=31;

--
-- AUTO_INCREMENT for table `pcs_data`
--
ALTER TABLE `pcs_data`
  MODIFY `id` int(11) NOT NULL AUTO_INCREMENT, AUTO_INCREMENT=8;

--
-- AUTO_INCREMENT for table `peoples`
--
ALTER TABLE `peoples`
  MODIFY `id` int(9) UNSIGNED NOT NULL AUTO_INCREMENT, AUTO_INCREMENT=1001;

--
-- AUTO_INCREMENT for table `produksi`
--
ALTER TABLE `produksi`
  MODIFY `id_produksi` int(11) NOT NULL AUTO_INCREMENT, AUTO_INCREMENT=2;

--
-- AUTO_INCREMENT for table `report`
--
ALTER TABLE `report`
  MODIFY `id_report` int(11) NOT NULL AUTO_INCREMENT, AUTO_INCREMENT=7;

--
-- AUTO_INCREMENT for table `shift`
--
ALTER TABLE `shift`
  MODIFY `id_shift` int(11) NOT NULL AUTO_INCREMENT, AUTO_INCREMENT=6;

--
-- AUTO_INCREMENT for table `type`
--
ALTER TABLE `type`
  MODIFY `id_type` int(11) NOT NULL AUTO_INCREMENT, AUTO_INCREMENT=42;

--
-- AUTO_INCREMENT for table `user`
--
ALTER TABLE `user`
  MODIFY `id` int(11) NOT NULL AUTO_INCREMENT, AUTO_INCREMENT=6;

--
-- AUTO_INCREMENT for table `user_access_menu`
--
ALTER TABLE `user_access_menu`
  MODIFY `id` int(11) NOT NULL AUTO_INCREMENT, AUTO_INCREMENT=4;

--
-- AUTO_INCREMENT for table `user_menu`
--
ALTER TABLE `user_menu`
  MODIFY `id` int(11) NOT NULL AUTO_INCREMENT, AUTO_INCREMENT=3;

--
-- AUTO_INCREMENT for table `user_role`
--
ALTER TABLE `user_role`
  MODIFY `id` int(11) NOT NULL AUTO_INCREMENT, AUTO_INCREMENT=3;

--
-- AUTO_INCREMENT for table `user_sub_menu`
--
ALTER TABLE `user_sub_menu`
  MODIFY `id` int(11) NOT NULL AUTO_INCREMENT, AUTO_INCREMENT=5;
COMMIT;

/*!40101 SET CHARACTER_SET_CLIENT=@OLD_CHARACTER_SET_CLIENT */;
/*!40101 SET CHARACTER_SET_RESULTS=@OLD_CHARACTER_SET_RESULTS */;
/*!40101 SET COLLATION_CONNECTION=@OLD_COLLATION_CONNECTION */;
